,channel,title,description,pub_date,mp3_url,episode_url
411492,Ari Ari,ありっちゃありスパーク・梵024「ダブル老眼鏡ラジオへの足音」,ヒタヒタヒタヒタ……,2023-08-14,https://omocoro.heteml.net/radio/aribon/024/bon024.mp3,https://omocoro.jp/radio/411492/
409915,Ari Ari,ありっちゃありスパーク・梵023「世界でいちばん美味い虫」,虫って美味しいから食べるのかも,2023-08-07,https://omocoro.heteml.net/radio/aribon/023/bon023.mp3,https://omocoro.jp/radio/409915/
408158,Ari Ari,ありっちゃありスパーク・梵022「無言の父たち、そしてヨーグルト食べ比べ」,無言のその次へ,2023-07-31,https://omocoro.heteml.net/radio/aribon/022/bon022.mp3,https://omocoro.jp/radio/408158/
407095,Ari Ari,ありっちゃありスパーク・梵021「生バンドカラオケでフィーバーした男」,伝説のバンドが誕生した一夜,2023-07-24,https://omocoro.heteml.net/radio/aribon/021/bon021.mp3,https://omocoro.jp/radio/407095/
406147,Ari Ari,ありっちゃありスパーク・梵020「人生を彩るあの事件～コバエの影武者事件～」,君もいつかはサウダることでしょう,2023-07-17,https://omocoro.heteml.net/radio/aribon/020/bon020.mp3,https://omocoro.jp/radio/406147/
405175,Ari Ari,ありっちゃありスパーク・梵019「人はなぜマツケンサンバ2に涙するのか」,もう帰らない、でも確かにあったあの日,2023-07-10,https://omocoro.heteml.net/radio/aribon/019/bon019.mp3,https://omocoro.jp/radio/405175/
404520,Ari Ari,ありっちゃありスパーク・梵018「さぬきうどんはやっぱり美味い～原宿の香川一泊二日ランキングベスト5～」,神話となれ、須崎食料品店。,2023-07-03,https://omocoro.heteml.net/radio/aribon/018/bon018.mp3,https://omocoro.jp/radio/404520/
403823,Ari Ari,ありっちゃありスパーク・梵017「声が少しうるさかったようですごめんなさい反省スペシャル」,ヤマザキビスケットの新作パインパックを食べようとした矢先……,2023-06-26,https://omocoro.heteml.net/radio/aribon/017/bon017.mp3,https://omocoro.jp/radio/403823/
402493,Ari Ari,ありっちゃありスパーク・梵016「伊右衛門と綾鷹の違いに改めて向き合いたい」,いちばんおにぎりに合うお茶とは、果たして！,2023-06-19,https://omocoro.heteml.net/radio/aribon/016/bon016.mp3,https://omocoro.jp/radio/402493/
401700,Ari Ari,ありっちゃありスパーク・梵015「15.5万いいねの男、凱旋パレードラジオ」,あの男が帰ってくる,2023-06-12,https://omocoro.heteml.net/radio/aribon/015/bon015.mp3,https://omocoro.jp/radio/401700/
400270,Ari Ari,ありっちゃありスパーク・梵014「君はミスドのエビグラタンを食べたか」,ミスドのパイってぶっちゃけどうなの？,2023-06-05,https://omocoro.heteml.net/radio/aribon/014/bon014.mp3,https://omocoro.jp/radio/400270/
398701,Ari Ari,ありっちゃありスパーク・梵013「ダムとカツアゲ」,気をつけよう、40越えてもカツアゲはされかかる,2023-05-29,https://omocoro.heteml.net/radio/aribon/013/bon013.mp3,https://omocoro.jp/radio/398701/
397543,Ari Ari,ありっちゃありスパーク・梵012「かりそめ天国あざす！ あざす！！！！！！！」,売れたといっても過言ではない！！！！！！！！！！！！,2023-05-22,https://omocoro.heteml.net/radio/aribon/012/bon012.mp3,https://omocoro.jp/radio/397543/
396634,Ari Ari,ありっちゃありスパーク・梵011「7周年にバスク・ガストロノミーもありっちゃあり」,ありっちゃありスパークを始めて丸7年が経過！お祝いにごっつい料理を食べました。,2023-05-15,https://omocoro.heteml.net/radio/aribon/011/bon011.mp3,https://omocoro.jp/radio/396634/
395607,Ari Ari,ありっちゃありスパーク・梵010「ありっちゃシネマウォーズ・ちびまる子ちゃん『わたしの好きな歌』」,まるちゃんも家父長制！？,2023-05-08,https://omocoro.heteml.net/radio/aribon/010/bon010.mp3,https://omocoro.jp/radio/395607/
394909,Ari Ari,ありっちゃありスパーク・梵009「名古屋ランキングBEST5　～室木おすしが見た天国～」,名古屋での様々な初体験が室木おすしを襲う！,2023-05-01,https://omocoro.heteml.net/radio/aribon/009/bon009.mp3,https://omocoro.jp/radio/394909/
394169,Ari Ari,ありっちゃありスパーク・梵008「楽天1位のキムチを食べる」,キムチ1位外伝！信州韓国屋のキムチを食す！,2023-04-24,https://omocoro.heteml.net/radio/aribon/008/bon008.mp3,https://omocoro.jp/radio/394169/
393156,Ari Ari,ありっちゃありスパーク・梵007「記憶がなくとも人は夢として覚えている」,自分の知らないあの子が生まれる,2023-04-17,https://omocoro.heteml.net/radio/aribon/007/bon007.mp3,https://omocoro.jp/radio/393156/
391573,Ari Ari,ありっちゃありスパーク・梵006「【完全ネタバレ】ブラッシュアップライフの話が止まらない男たち」,あまりにも神ドラマすぎました。,2023-04-10,https://omocoro.heteml.net/radio/aribon/006/bon006.mp3,https://omocoro.jp/radio/391573/
391006,Ari Ari,ありっちゃありスパーク・梵005「東急新横浜線開通記念！新綱島駅最速レポート」,東急沿線から新横浜に直接行けるー！,2023-04-03,https://omocoro.heteml.net/radio/aribon/005/bon005.mp3,https://omocoro.jp/radio/391006/
390542,Ari Ari,ありっちゃありスパーク・梵004「栗ラーメンと人生ベストバイ」,栗ラーメン、行くべきか。行かざるべきか,2023-03-27,https://omocoro.heteml.net/radio/aribon/004/bon004.mp3,https://omocoro.jp/radio/390542/
389388,Ari Ari,ありっちゃありスパーク・梵003「人生を変えたあの事件 / 木にされた事件」,もうすぐ保育園のお迎えが終わりそうな男たちのラジオ,2023-03-20,https://omocoro.heteml.net/radio/aribon/003/003bon.mp3,https://omocoro.jp/radio/389388/
388125,Ari Ari,ありっちゃありスパーク・梵002「『ブラッシュアップライフ』『イニシェリン島の精霊』をソムリエは語る」（2023年3月13日）,べにふうき茶ってなに！？,2023-03-13,https://omocoro.heteml.net/radio/aribon/002/002bon.mp3,https://omocoro.jp/radio/388125/
387302,Ari Ari,ありっちゃありスパーク・梵001「梵というラジオがはじまる」（2023年3月6日）,梵がくる！,2023-03-06,https://omocoro.heteml.net/radio/aribon/001/001bon.mp3,https://omocoro.jp/radio/387302/
386482,Ari Ari,ありっちゃありスパーク・マシュ082「【最終回】マシュよさらば」（2022年2月27日）,また逢う日まで！さらばマシュよ！,2023-02-27,https://omocoro.heteml.net/radio/arimasyu/082/082mash.mp3,https://omocoro.jp/radio/386482/
385255,Ari Ari,ありっちゃありスパーク・マシュ081「ドッキドキ！いる人たくさん読むメール」（2022年2月20日）,どじょう鍋、低さが面白い,2023-02-20,https://omocoro.heteml.net/radio/arimasyu/081/081mash.mp3,https://omocoro.jp/radio/385255/
384280,Ari Ari,ありっちゃありスパーク・マシュ080「あの事件・階段山の冒険」（2022年2月13日）,サウナの話はしないと誓ったのに…三田の「パラダイス」…,2023-02-13,https://omocoro.heteml.net/radio/arimasyu/080/080mash.mp3,https://omocoro.jp/radio/384280/
382807,Ari Ari,ありっちゃありスパーク・マシュ079「イベントアーカイブが日曜までなので」（2022年2月04日）,サンダーパレードよ、永遠に,2023-02-04,https://omocoro.heteml.net/radio/arimasyu/079/079mash.mp3,https://omocoro.jp/radio/382807/
381679,Ari Ari,ありっちゃありスパーク・マシュ078「【競馬】ありっちゃあり根岸ステークス」（2022年1月30日）,あなたはレモンポップを信じますか？,2023-01-30,https://omocoro.heteml.net/radio/arimasyu/078/078mash.mp3,https://omocoro.jp/radio/381679/
380012,Ari Ari,ありっちゃありスパーク・マシュ077「いちばん友達にしたいフルーツを考える会」（2022年1月23日）,あなたはバナナ？それともパイナップル？,2023-01-23,https://omocoro.heteml.net/radio/arimasyu/077/077mash.mp3,https://omocoro.jp/radio/380012/
379156,Ari Ari,ありっちゃありスパーク・マシュ076「ザヒ」（2022年1月16日）,博士ちゃんのエジプト回、良かったよね,2023-01-16,https://omocoro.heteml.net/radio/arimasyu/076/076mash.mp3,https://omocoro.jp/radio/379156/
377989,Ari Ari,ありっちゃありスパーク・マシュ075「ウンコの事件ByeByeBye」（2022年12月31日）,今年最後の汚い話と綺麗な音色。来年もよろしくお願いします！,2022-12-31,https://omocoro.heteml.net/radio/arimasyu/075/075mash.mp3,https://omocoro.jp/radio/377989/
377150,Ari Ari,ありっちゃありスパーク・マシュ074「M-1三連単予想を当てたと言い張る男」,ビタビタのビタ,2022-12-26,https://omocoro.heteml.net/radio/arimasyu/074/074mash.mp3,https://omocoro.jp/radio/377150/
376061,Ari Ari,ありっちゃありスパーク・マシュ073「ホットサンドレイディオ part-2」,挟んでいけよ、いけばわかるさ,2022-12-19,https://omocoro.heteml.net/radio/arimasyu/073/073mash.mp3,https://omocoro.jp/radio/376061/
374686,Ari Ari,ありっちゃありスパーク・マシュ072「絡まる善意の行く先を思うラジオ」,どうしてもこんがらがる俺たちの善意,2022-12-12,https://omocoro.heteml.net/radio/arimasyu/072/072mash.mp3,https://omocoro.jp/radio/374686/
373510,Ari Ari,ありっちゃありスパーク・マシュ071「娘、初めて海を買う」,子どもが初めて自分のお金で物を買うとき,2022-12-05,https://omocoro.heteml.net/radio/arimasyu/071/071mash.mp3,https://omocoro.jp/radio/373510/
372021,Ari Ari,ありっちゃありスパーク・マシュ070「旅行は内側にもある。VRファーストクラスでハワイへ」,VRで知らない国に行くのって結構アリかもな話,2022-11-28,https://omocoro.heteml.net/radio/arimasyu/070/070mash.mp3,https://omocoro.jp/radio/372021/
371064,Ari Ari,ありっちゃありスパーク・マシュ069「戸締まり、芹澤、羊郎（ひつじろう）」,芹澤の話に絶対なっちゃう映画,2022-11-21,https://omocoro.heteml.net/radio/arimasyu/069/069mash.mp3,https://omocoro.jp/radio/371064/
369973,Ari Ari,ありっちゃありスパーク・マシュ068「銀行の前を広げていけ」,妙に落ち着く、それが銀行の前,2022-11-14,https://omocoro.heteml.net/radio/arimasyu/068/068mash.mp3,https://omocoro.jp/radio/369973/
369475,Ari Ari,ありっちゃありスパーク・マシュ067「“嫌”を引き受けるのも親なんじゃないか説」,あの事件・うんこスペシャルとともに届ける教育論,2022-11-07,https://omocoro.heteml.net/radio/arimasyu/067/067mash.mp3,https://omocoro.jp/radio/369475/
369029,Ari Ari,ありっちゃありスパーク・マシュ066「音がいいありスパ。Cのイメージカラーは黄色」,すいません、緑ではありませんでした,2022-10-31,https://omocoro.heteml.net/radio/arimasyu/066/066mash.mp3,https://omocoro.jp/radio/369029/
368217,Ari Ari,ありっちゃありスパーク・マシュ065「幻のでっかいワセリン事件」,ダイソーなんでも売ってるな～,2022-10-24,https://omocoro.heteml.net/radio/arimasyu/065/065mash.mp3,https://omocoro.jp/radio/368217/
367571,Ari Ari,ありっちゃありスパーク・マシュ064「父よ、今度こそ全力でしっぽをとれ」,ジジイの円環構造に気が付きました,2022-10-17,https://omocoro.heteml.net/radio/arimasyu/064/064mash.mp3,https://omocoro.jp/radio/367571/
366038,Ari Ari,ありっちゃありスパーク・マシュ063「ありっちゃあり知らんスイーツ・カンノーロ編」,目をつけるのが早すぎてすいません,2022-10-10,https://omocoro.heteml.net/radio/arimasyu/063/063mash.mp3,https://omocoro.jp/radio/366038/
364882,Ari Ari,ありっちゃありスパーク・マシュ062「文学的あの事件集」,「山椒魚」に挟まれたコンドームの説明書,2022-10-03,https://omocoro.heteml.net/radio/arimasyu/062/062mash.mp3,https://omocoro.jp/radio/364882/
363419,Ari Ari,ありっちゃありスパーク・マシュ061「室木おすしの伊豆・下田旅行良かったとこ悪かったとこランキングBEST3」,人はなぜ、ランキングに惹きつけられてしまうのか,2022-09-26,https://omocoro.heteml.net/radio/arimasyu/061/061mash.mp3,https://omocoro.jp/radio/363419/
362809,Ari Ari,ありっちゃありスパーク・マシュ060「1300年持ち歩かれた石&いる人スペシャル」,もっと遅くできないものか,2022-09-19,https://omocoro.heteml.net/radio/arimasyu/060/060mash.mp3,https://omocoro.jp/radio/362809/
362116,Ari Ari,ありっちゃありスパーク・マシュ059「食べたことない寿司ネタを食べる日」,好きで埋め尽くす、その前に。,2022-09-12,https://omocoro.heteml.net/radio/arimasyu/059/059mash.mp3,https://omocoro.jp/radio/362116/
360093,Ari Ari,ありっちゃありスパーク・マシュ058「室木おすし、健康一本道」,絶対に疑ってください！！！！！！！！！！！！！！！！！！！！！！！！！！！！！！！！！！！！,2022-09-05,https://omocoro.heteml.net/radio/arimasyu/058/058mash.mp3,https://omocoro.jp/radio/360093/
358050,Ari Ari,ありっちゃありスパーク・マシュ057「大磯ロングビーチで、人はお金じゃなく秩序が好きなんだと知った」,よくも悪くもある、Googleに全てを知られている僕たち私たち,2022-08-29,https://omocoro.heteml.net/radio/arimasyu/057/mash057.mp3,https://omocoro.jp/radio/358050/
357250,Ari Ari,ありっちゃありスパーク・マシュ056「父、海上アスレチックにて」,意外と親も追い込まれる。子供とのアスレチック。,2022-08-22,https://omocoro.heteml.net/radio/arimasyu/056/mash056.mp3,https://omocoro.jp/radio/357250/
355531,Ari Ari,ありっちゃありスパーク・マシュ055「水風呂営業・かぶり水・急速冷却ボックスってどう？」,いっそ水風呂だけの銭湯に入りたい,2022-08-08,https://omocoro.heteml.net/radio/arimasyu/055/mash055.mp3,https://omocoro.jp/radio/355531/
354928,Ari Ari,ありっちゃありスパーク・マシュ054「娘が熱出したら全方位的にしょうがないよねリモート回」,思いつかないのはまだ集めてないからかもしれない,2022-08-01,https://omocoro.heteml.net/radio/arimasyu/054/mash054.mp3,https://omocoro.jp/radio/354928/
354005,Ari Ari,ありっちゃありスパーク・マシュ053「脱水注意報」,やばいと思った時は確実にやばい,2022-07-25,https://omocoro.heteml.net/radio/arimasyu/053/053mash.mp3,https://omocoro.jp/radio/354005/
353079,Ari Ari,ありっちゃありスパーク・マシュ052「アクション。原宿が篠田ゆうをフォローした日」,セクシー女優をフォローするということ,2022-07-18,https://omocoro.heteml.net/radio/arimasyu/052/mash052.mp3,https://omocoro.jp/radio/353079/
352120,Ari Ari,ありっちゃありスパーク・マシュ051「できないを見つめる。『ニシダ更生プログラム』を見て」,山ちゃんみたいに薫陶したい。,2022-07-11,https://omocoro.heteml.net/radio/arimasyu/051/mash051.mp3,https://omocoro.jp/radio/352120/
351174,Ari Ari,ありっちゃありスパーク・マシュ050「『もういいよ』と言われても、サウナの話をしてしまう男たち」,湯島のプライベートサウナ「RED」に行ってきました。,2022-07-04,https://omocoro.heteml.net/radio/arimasyu/050/mash050.mp3,https://omocoro.jp/radio/351174/
350291,Ari Ari,ありっちゃありスパーク・マシュ049「【とりとめなき回】待つことも力」,たまるまで待っている期間も大事よね,2022-06-27,https://omocoro.heteml.net/radio/arimasyu/049/049mash.mp3,https://omocoro.jp/radio/350291/
349447,Ari Ari,ありっちゃありスパーク・マシュ048「エントリー、流行り始めてない？」,完全にブームがやってきました,2022-06-20,https://omocoro.heteml.net/radio/arimasyu/048/048mash.mp3,https://omocoro.jp/radio/349447/
348298,Ari Ari,ありっちゃありスパーク・マシュ047「いる人をたくさん読む色片思い♡」,長寿コーナー「いる人」をビシバシ読んでいきます,2022-06-13,https://omocoro.heteml.net/radio/arimasyu/047/047mash.mp3,https://omocoro.jp/radio/348298/
347191,Ari Ari,ありっちゃありスパーク・マシュ046「汚れた話を浄化せよ！う◯ちVS美しき音色」,あの事件、うんちおしっこスペシャル,2022-06-06,https://omocoro.heteml.net/radio/arimasyu/046/046mash.mp3,https://omocoro.jp/radio/347191/
346641,Ari Ari,ありっちゃありスパーク・マシュ045「サウナしきじは本物だった」,サウナってこういうことだったのかよ,2022-05-30,https://omocoro.heteml.net/radio/arimasyu/045/045mash.mp3,https://omocoro.jp/radio/346641/
345563,Ari Ari,ありっちゃありスパーク・マシュ044「ヤマザキビスケットのレモンパックは軽んじられている」,ヤマザキビスケット、評価されてなさすぎ問題,2022-05-23,https://omocoro.heteml.net/radio/arimasyu/044/044mash.mp3,https://omocoro.jp/radio/345563/
344728,Ari Ari,ありっちゃありスパーク・マシュ043「東京の真ん中でサウナに入ることの限界」,ととのいタコ部屋サウナ限界地帯,2022-05-16,https://omocoro.heteml.net/radio/arimasyu/043/043mash.mp3,https://omocoro.jp/radio/344728/
343381,Ari Ari,ありっちゃありスパーク・マシュ042「麻薬卵と呼びたくない男の主張」,原宿がグダグダと言い訳をする回,2022-05-09,https://omocoro.heteml.net/radio/arimasyu/042/042mash.mp3,https://omocoro.jp/radio/343381/
342575,Ari Ari,ありっちゃありスパーク・マシュ041「ヤマザキビスケットは軽んじられている」,ヤマザキのお菓子、実はかなり美味いんです,2022-05-02,https://omocoro.heteml.net/radio/arimasyu/041/041mash.mp3,https://omocoro.jp/radio/342575/
341215,Ari Ari,ありっちゃありスパーク・マシュ040「娘とピアノ連弾をした男と、大相撲5月場所の展望」,大相撲、5月場所も荒れるかも！？,2022-04-25,https://omocoro.heteml.net/radio/arimasyu/040/040mash.mp3,https://omocoro.jp/radio/341215/
340029,Ari Ari,ありっちゃありスパーク・マシュ039「大相撲で新スターが誕生している件」,大相撲、今、見どきらしいです。,2022-04-18,https://omocoro.heteml.net/radio/arimasyu/039/039mash.mp3,https://omocoro.jp/radio/340029/
339512,Ari Ari,ありっちゃありスパーク・マシュ038「新コーナー？ 帰路に見上げた空」,誰の胸にも眠る、それがリトル後悔。,2022-04-11,https://omocoro.heteml.net/radio/arimasyu/038/038mash.mp3,https://omocoro.jp/radio/339512/
338320,Ari Ari,ありっちゃありスパーク・マシュ037「広い公園ってすごい説」,広さ＝面白さ時代の到来です。,2022-04-04,https://omocoro.heteml.net/radio/arimasyu/037/037mash.mp3,https://omocoro.jp/radio/338320/
337305,Ari Ari,ありっちゃありスパーク・マシュ036「Twitterで3万いいねのキムチ一位」,バズったキムチは本当にうまいのか？,2022-03-28,https://omocoro.heteml.net/radio/arimasyu/036/036mash.mp3,https://omocoro.jp/radio/337305/
336495,Ari Ari,ありっちゃありスパーク・マシュ035「オムライス事変、または永遠に100にならないということ」,厄除けってやっぱり意味ありました,2022-03-21,https://omocoro.heteml.net/radio/arimasyu/035/035mash.mp3,https://omocoro.jp/radio/336495/
334919,Ari Ari,ありっちゃありスパーク・マシュ034「現実を書き換えるもの、仏教とスパイダーマン」,厄除けってやっぱり意味ありました,2022-03-14,https://omocoro.heteml.net/radio/arimasyu/034/034mash.mp3,https://omocoro.jp/radio/334919/
333846,Ari Ari,ありっちゃありスパーク・マシュ033「モスキート音と稲川淳二事件」,あの事件にいい循環が生まれている最近,2022-03-07,https://omocoro.heteml.net/radio/arimasyu/033/033mash.mp3,https://omocoro.jp/radio/333846/
332430,Ari Ari,ありっちゃありスパーク・マシュ032「いる人マシンガンをぶっ放せ」,ミスチルの「マシンガンをぶっ放せ」で「だいべん」って言ってる問題,2022-02-28,https://omocoro.heteml.net/radio/arimasyu/032/032mash.mp3,https://omocoro.jp/radio/332430/
331262,Ari Ari,ありっちゃありスパーク・マシュ031「ゲットナビのスキレット事件」,目玉焼き、それでいいのか。,2022-02-21,https://omocoro.heteml.net/radio/arimasyu/031/031mash.mp3,https://omocoro.jp/radio/331262/
330187,Ari Ari,ありっちゃありスパーク・マシュ030「大激論！踊るポンポコリンの歌詞で面白いのは1番か2番か！」,インチキおじさんとお笑い芸人、面白いのはDOTCH！？,2022-02-14,https://omocoro.heteml.net/radio/arimasyu/030/030mash.mp3,https://omocoro.jp/radio/330187/
329377,Ari Ari,ありっちゃありスパーク・マシュ029「イベントは生き物」,何も言い表してない言葉を言ってしまう時,2022-02-07,https://omocoro.heteml.net/radio/arimasyu/029/029mash.mp3,https://omocoro.jp/radio/329377/
328557,Ari Ari,ありっちゃありスパーク・マシュ028「ハウス・オブ・グッチと、仕組みのために生きちゃう人生」,完全に自分のために生きるなどできないのか,2022-01-31,https://omocoro.heteml.net/radio/arimasyu/028/028mash.mp3,https://omocoro.jp/radio/328557/
328046,Ari Ari,ありっちゃありスパーク・マシュ027「今日から新シリーズ突入！レンタルスペース編！」,室木おすしの作業場、消失！,2022-01-24,https://omocoro.heteml.net/radio/arimasyu/027/mash027.mp3,https://omocoro.jp/radio/328046/
327358,Ari Ari,ありっちゃありスパーク・マシュ026「ホットサンドを愛するということ」,2022年！焼くぞ！ホットサンドを！,2022-01-17,https://omocoro.heteml.net/radio/arimasyu/026/026mash.mp3,https://omocoro.jp/radio/327358/
326312,Ari Ari,ありっちゃありスパーク・マシュ025「新春！ホットサンド・レディオ」,2022年！焼くぞ！ホットサンドを！,2022-01-10,https://omocoro.heteml.net/radio/arimasyu/025/mash025.mp3,https://omocoro.jp/radio/326312/
325145,Ari Ari,ありっちゃありスパーク・マシュ024「チ◯ポストリーム2021」,今年も懲りずにお届けしました。,2021-12-27,https://omocoro.heteml.net/radio/arimasyu/024/024mash.mp3,https://omocoro.jp/radio/325145/
323538,Ari Ari,ありっちゃありスパーク・マシュ023「人類のゴール、ららぽーと」,ららぽーとの椅子に座る、それが人類の願いだった。,2021-12-20,https://omocoro.heteml.net/radio/arimasyu/023/023mash.mp3,https://omocoro.jp/radio/323538/
322863,Ari Ari,ありっちゃありスパーク・マシュ022「小6の精神を取り戻せ」,なんかドライになる前の青春。,2021-12-13,https://omocoro.heteml.net/radio/arimasyu/022/022mash.mp3,https://omocoro.jp/radio/322863/
322159,Ari Ari,ありっちゃありスパーク・マシュ021「アバランチ・ファーザー」,おすしのファーザー化が深刻。,2021-12-06,https://omocoro.heteml.net/radio/arimasyu/021/021mash.mp3,https://omocoro.jp/radio/322159/
320769,Ari Ari,ありっちゃありスパーク・マシュ020「遅来（ちくる）の時代、始まりました」,おっちょこちょいレースってなに？,2021-11-29,https://omocoro.heteml.net/radio/arimasyu/020/020mash.mp3,https://omocoro.jp/radio/320769/
319208,Ari Ari,ありっちゃありスパーク・マシュ019「最終章直前！ 棒ネコを読んで欲しいけど、とりとめがなくなった回」,作者自ら「貴重な棒を持つネコ」を語る！そしてよくわからなくなる！,2021-11-22,https://omocoro.heteml.net/radio/arimasyu/019/019mash.mp3,https://omocoro.jp/radio/319208/
318284,Ari Ari,ありっちゃありスパーク・マシュ018「吉本新喜劇を全身で楽しむ娘たち」,幼い頃の吉本新喜劇はエンタメのジェットコースターだ,2021-11-15,https://omocoro.heteml.net/radio/arimasyu/018/018mash.mp3,https://omocoro.jp/radio/318284/
317387,Ari Ari,ありっちゃありスパーク・マシュ017「麒麟・川島さんのキムチ一位」,ありスパ以外にもキムチ一位をやっている人がいた！？,2021-11-08,https://omocoro.heteml.net/radio/arimasyu/017/017mash.mp3,https://omocoro.jp/radio/317387/
316462,Ari Ari,ありっちゃありスパーク・マシュ016「すごい酒飲んだ次の日、めっちゃ晴れてる説」,本当に好きがあれば大丈夫なのか？,2021-11-01,https://omocoro.heteml.net/radio/arimasyu/016/016mash.mp3,https://omocoro.jp/radio/316462/
314840,Ari Ari,ありっちゃありスパーク・マシュ015「【40歳のディズニーラジオ】ミラコさせていただきましたっ！」,ソアリン最高！！！！！！！！！！！！！！！！,2021-10-25,https://omocoro.heteml.net/radio/arimasyu/015/015mash.mp3,https://omocoro.jp/radio/314840/
313230,Ari Ari,ありっちゃありスパーク・マシュ014「脳に操られている者たちのラジオ」,俺たちは脳にとって都合のいいものを見せられて生きている,2021-10-18,https://omocoro.heteml.net/radio/arimasyu/014/014mash.mp3,https://omocoro.jp/radio/313230/
312196,Ari Ari,ありっちゃありスパーク・マシュ013「キングオブコントの感想は老いの始まり」,キングオブコントの気になったネタについて,2021-10-11,https://omocoro.heteml.net/radio/arimasyu/013/013mash.mp3,https://omocoro.jp/radio/312196/
311119,Ari Ari,ありっちゃありスパーク・マシュ012「うんスジ通らせていただきます」,これにて一便落着！,2021-10-04,https://omocoro.heteml.net/radio/arimasyu/012/012mash.mp3,https://omocoro.jp/radio/311119/
309808,Ari Ari,ありっちゃありスパーク・マシュ011「ベストネーム2021」,今夜決定！最高の芸能人の名前！,2021-09-27,https://omocoro.heteml.net/radio/arimasyu/011/011mash.mp3,https://omocoro.jp/radio/309808/
309220,Ari Ari,ありっちゃありスパーク・マシュ010「ラビリンス　～迷宮～」,ある日突然迷い込む、それがラビリンス,2021-09-20,https://omocoro.heteml.net/radio/arimasyu/010/010mash.mp3,https://omocoro.jp/radio/309220/
308328,Ari Ari,ありっちゃありスパーク・マシュ009「澄（すみ）ふわ」,澄ふわは、本当に澄ふわなのか,2021-09-13,https://omocoro.heteml.net/radio/arimasyu/009/009mash.mp3,https://omocoro.jp/radio/308328/
306952,Ari Ari,ありっちゃありスパーク・マシュ008「マリトッツォ食べ食べラジオ」,マリトッツォをついに食べた！,2021-09-06,https://omocoro.heteml.net/radio/arimasyu/008/008mas.mp3,https://omocoro.jp/radio/306952/
305795,Ari Ari,ありっちゃありスパーク・マシュ007「娘も出演！？ 原宿のひとりスパーク」,またはひぐちくんの催眠術ドッキリに見る人生の一回性,2021-08-30,https://omocoro.heteml.net/radio/arimasyu/007/007mas.mp3,https://omocoro.jp/radio/305795/
304712,Ari Ari,ありっちゃありスパーク・マシュ006「宇宙の真理が分かってしまった夜」,もう分かる前には戻れない,2021-08-23,https://omocoro.heteml.net/radio/arimasyu/006/006mas.mp3,https://omocoro.jp/radio/304712/
303590,Ari Ari,ありっちゃありスパーク・マシュ005「退屈は犯罪ではございません」,一週間経ってもまだ言っている男,2021-08-16,https://omocoro.heteml.net/radio/arimasyu/005/005mas.mp3,https://omocoro.jp/radio/303590/
302934,Ari Ari,ありっちゃありスパーク・マシュ004「雷雨の中のグラサンの人について」,マシュ！のイラストの意味とは,2021-08-09,https://omocoro.heteml.net/radio/arimasyu/004/004mas.mp3,https://omocoro.jp/radio/302934/
301553,Ari Ari,ありっちゃありスパーク・マシュ003「娘にティアラを買えなかった男」,親から見たプレゼント、子供から見たプレゼント,2021-08-02,https://omocoro.heteml.net/radio/arimasyu/003/003mas.mp3,https://omocoro.jp/radio/301553/
300133,Ari Ari,ありっちゃありスパーク・マシュ002「ラーメンとは空気。中華そば多賀野を食べて」,ラーメンとは味なのか,2021-07-26,https://omocoro.heteml.net/radio/arimasyu/002/002mas.mp3,https://omocoro.jp/radio/300133/
298073,Ari Ari,ありっちゃありスパーク・マシュ001「マシュが始まる」,今日からマシュが始まります,2021-07-19,https://omocoro.heteml.net/radio/arimasyu/001/001mas.mp3,https://omocoro.jp/radio/298073/
296859,Ari Ari,ありっちゃありスパーク100「さらば、ありっちゃありスパーク」,でも来週からも新シリーズが続きます！,2021-07-12,https://omocoro.heteml.net/radio/arispa/100/100.mp3,https://omocoro.jp/radio/296859/
295897,Ari Ari,ありっちゃありスパーク099.5「あだ名禁止令に怒る男 ※緊急ゲスト・かんち」,来週こそ第100回を録るぞ！,2021-07-05,https://omocoro.heteml.net/radio/arispa/0995/0995.mp3,https://omocoro.jp/radio/295897/
294710,Ari Ari,ありっちゃありスパーク099「100回目前！ いる人をYeah！めっちゃ読むデイ」,もうすぐ100回！,2021-06-28,https://omocoro.heteml.net/radio/arispa/099/099.mp3,https://omocoro.jp/radio/294710/
293523,Ari Ari,ありっちゃありスパーク098「キムチ1位 ～Next Dimension～」,キムチ一位は、次の次元へ,2021-06-21,https://omocoro.heteml.net/radio/arispa/098/098.mp3,https://omocoro.jp/radio/293523/
292673,Ari Ari,ありっちゃありスパーク097「【誰が興味あんねんシリーズ】マンション理事会に感じる民主主義の速度問題」,多数決ってこわいよね,2021-06-14,https://omocoro.heteml.net/radio/arispa/097/097.mp3,https://omocoro.jp/radio/292673/
291259,Ari Ari,ありっちゃありスパーク096「ベストフィッシュ2021」,今夜！一番好きなお魚が決まる！,2021-06-07,https://omocoro.heteml.net/radio/arispa/096/096.mp3,https://omocoro.jp/radio/291259/
290604,Ari Ari,ありっちゃありスパーク095「無名こそ花」,駄作は傑作の一部なんだ,2021-05-31,https://omocoro.heteml.net/radio/arispa/095/095.mp3,https://omocoro.jp/radio/290604/
288538,Ari Ari,ありっちゃありスパーク094「パーソナリティが２人とも40代になった日」,嘘だろ,2021-05-24,https://omocoro.heteml.net/radio/arispa/094/094.mp3,https://omocoro.jp/radio/288538/
287719,Ari Ari,ありっちゃありスパーク093「『コントが始まる』良すぎです」,いいドラマだなあ…,2021-05-17,https://omocoro.heteml.net/radio/arispa/093/093.mp3,https://omocoro.jp/radio/287719/
286858,Ari Ari,ありっちゃありスパーク092「心の時代、始まりました」,今、無職がいちばんいい,2021-05-10,https://omocoro.heteml.net/radio/arispa/092/092.mp3,https://omocoro.jp/radio/286858/
285967,Ari Ari,ありっちゃありスパーク091「おしり探偵おもしれ～」,子供相手にも全力を出す,2021-05-03,https://omocoro.heteml.net/radio/arispa/091/091.mp3,https://omocoro.jp/radio/285967/
284554,Ari Ari,ありっちゃありスパーク090「初めてアートに触れた夜のこと」,その感激が人を変える,2021-04-26,https://omocoro.heteml.net/radio/arispa/090/090.mp3,https://omocoro.jp/radio/284554/
283540,Ari Ari,ありっちゃありスパーク089「入学式、父からの『じゃあね』」,その「じゃあね」は、誰に行ったのか,2021-04-19,https://omocoro.heteml.net/radio/arispa/089/089.mp3,https://omocoro.jp/radio/283540/
282776,Ari Ari,ありっちゃありスパーク088「記憶　PART-5」,思い出したことから喋る。それが記憶,2021-04-12,https://omocoro.heteml.net/radio/arispa/088/088.mp3,https://omocoro.jp/radio/282776/
281716,Ari Ari,ありっちゃありスパーク087「『貴重な棒を持つネコ』の本が発売されます！」,こいつは気合いが入ってる！,2021-04-05,https://omocoro.heteml.net/radio/arispa/087/087.mp3,https://omocoro.jp/radio/281716/
280456,Ari Ari,ありっちゃありスパーク086「知ってるワイフ最終回を見た男」,口頭ドラマシリーズ,2021-03-29,https://omocoro.heteml.net/radio/arispa/086/086.mp3,https://omocoro.jp/radio/280456/
278806,Ari Ari,ありっちゃありスパーク085「欧陽菲菲（おーやんふぃーふぃー）」,なぜか忘れていた事件,2021-03-22,https://omocoro.heteml.net/radio/arispa/085/085.mp3,https://omocoro.jp/radio/278806/
278155,Ari Ari,ありっちゃありスパーク084「大使館前のキムチ一番美味い説」,ロジックでキムチ１位を見つけました,2021-03-15,https://omocoro.heteml.net/radio/arispa/084/084.mp3,https://omocoro.jp/radio/278155/
277419,Ari Ari,ありっちゃありスパーク083「ニセ科学を喋っていた男」,目指せ！ものいう消費者！,2021-03-08,https://omocoro.heteml.net/radio/arispa/083/083.mp3,https://omocoro.jp/radio/277419/
275949,Ari Ari,ありっちゃありスパーク082「ファスティングを始めた男」,食を断って分かること,2021-03-01,https://omocoro.heteml.net/radio/arispa/082/082.mp3,https://omocoro.jp/radio/275949/
274010,Ari Ari,ありっちゃありスパーク081「ビフをのさなかったマクフライの人生も考える」,コケちゃいました、それでいい,2021-02-22,https://omocoro.heteml.net/radio/arispa/081/081.mp3,https://omocoro.jp/radio/274010/
273034,Ari Ari,ありっちゃありスパーク080「普通はつよい。普通はこわい」,結局普通がいちばん強くなっちゃうんかい,2021-02-15,https://omocoro.heteml.net/radio/arispa/080/080.mp3,https://omocoro.jp/radio/273034/
271969,Ari Ari,ありっちゃありスパーク079「どこへ向かう！貴重な棒を持つネコ」,貴重な棒を持つネコ、うしおととら説,2021-02-08,https://omocoro.heteml.net/radio/arispa/079/079.mp3,https://omocoro.jp/radio/271969/
271093,Ari Ari,ありっちゃありスパーク078「プレゼントをあげたい、その気持ちがプレゼント」,おたよりがきたので、普通に欲しいプレゼントについて考えました,2021-02-01,https://omocoro.heteml.net/radio/arispa/078/078.mp3,https://omocoro.jp/radio/271093/
269941,Ari Ari,ありっちゃありスパーク077「面白くなさの中に」,面白いよりも本当は大事かも,2021-01-25,https://omocoro.heteml.net/radio/arispa/077/077.mp3,https://omocoro.jp/radio/269941/
269548,Ari Ari,ありっちゃありスパーク076「オゾン層がなくなるとオムライスが売れる？」,たいめいけんよ、永遠に,2021-01-18,https://omocoro.heteml.net/radio/arispa/076/076.mp3,https://omocoro.jp/radio/269548/
268833,Ari Ari,ありっちゃありスパーク075「令和のイメージカラーは青」,新年明けて一発目のスパーク！令和のイメージカラーって何色ですか？,2021-01-11,https://omocoro.heteml.net/radio/arispa/075/075.mp3,https://omocoro.jp/radio/268833/
266893,Ari Ari,ありっちゃありスパーク074「チ○ポストリーム 2020」,今年最後の夜間飛行の時間が迫っております,2020-12-28,https://omocoro.heteml.net/radio/arispa/074/074.mp3,https://omocoro.jp/radio/266893/
265241,Ari Ari,ありっちゃありスパーク073「ギャグいらっしゃいませ！」,ラーメン屋のようにギャグを出していくことも必要なのか,2020-12-21,https://omocoro.heteml.net/radio/arispa/073/073.mp3,https://omocoro.jp/radio/265241/
264289,Ari Ari,ありっちゃありスパーク072「 総決算！ 第二回 いる人アワード」,いる人の中でも一番いる人が決定！,2020-12-14,https://omocoro.heteml.net/radio/arispa/072/072.mp3,https://omocoro.jp/radio/264289/
262486,Ari Ari,ありっちゃありスパーク071「 君はもう体感したか！ ランキングを当てる楽しさを」,何のランキングか当ててみそづけ！,2020-12-07,https://omocoro.heteml.net/radio/arispa/071/071.mp3,https://omocoro.jp/radio/262486/
261799,Ari Ari,ありっちゃありスパーク070「夫婦喧嘩は防衛本能に気をつけろ」,たまにはお互いの「氷山」を見に行こう,2020-11-30,https://omocoro.heteml.net/radio/arispa/070/070.mp3,https://omocoro.jp/radio/261799/
260922,Ari Ari,ありっちゃありスパーク069「15万いいねを稼ぐのが得意な男」,「行けたら行く」も認める時代,2020-11-23,https://omocoro.heteml.net/radio/arispa/069/069.mp3,https://omocoro.jp/radio/260922/
259693,Ari Ari,ありっちゃありスパーク068「娘の名前、どう決めました？」,子供の名付けって難しいよね。,2020-11-16,https://omocoro.heteml.net/radio/arispa/068/068.mp3,https://omocoro.jp/radio/259693/
258143,Ari Ari,ありっちゃありスパーク067「【ネタバレ注意】分からないものを目指せる強さ。バチェロレッテ感想回」,完全ネタバレにつきご注意ください。,2020-11-09,https://omocoro.heteml.net/radio/arispa/067/067.mp3,https://omocoro.jp/radio/258143/
257415,Ari Ari,ありっちゃありスパーク066「父よ、全力でしっぽをとれ」,運動会で本気にならなければいけない理由,2020-11-02,https://omocoro.heteml.net/radio/arispa/066/066.mp3,https://omocoro.jp/radio/257415/
256865,Ari Ari,ありっちゃありスパーク065「金龍キムチをもう一度食べた男たち」,川崎ローカルのキムチは美味い説,2020-10-26,https://omocoro.heteml.net/radio/arispa/065/065.mp3,https://omocoro.jp/radio/256865/
255924,Ari Ari,ありっちゃありスパーク064「子供のおねしょ強すぎ問題」,おねしょを片付けてきた先人たちに捧ぐ,2020-10-19,https://omocoro.heteml.net/radio/arispa/064/064.mp3,https://omocoro.jp/radio/255924/
254943,Ari Ari,ありっちゃありスパーク063「人生で一番美味いキムチを探せ！キムチ一位！」,めちゃくちゃうまいキムチを見つけた男たち,2020-10-12,https://omocoro.heteml.net/radio/arispa/063/063.mp3,https://omocoro.jp/radio/254943/
253875,Ari Ari,ありっちゃありスパーク062「テネットを見たけど説明できない男たち」,テネットを言葉で語ることのムズさ,2020-10-05,https://omocoro.heteml.net/radio/arispa/062/062.mp3,https://omocoro.jp/radio/253875/
252916,Ari Ari,ありっちゃありスパーク061「記憶　PART-4」,どんな人にも記憶がある,2020-09-28,https://omocoro.heteml.net/radio/arispa/061/061.mp3,https://omocoro.jp/radio/252916/
252059,Ari Ari,ありっちゃありスパーク060「歯医者で気になる色々のこと」,行きつけの歯医者で担当が変わったというおすしだが…,2020-09-21,https://omocoro.heteml.net/radio/arispa/060/060.mp3,https://omocoro.jp/radio/252059/
250966,Ari Ari,ありっちゃありスパーク059「大ヒット！？ 貴重な棒を持つネコ」,ついにTwitterドリームを叶えたか！？,2020-09-14,https://omocoro.heteml.net/radio/arispa/059/059.mp3,https://omocoro.jp/radio/250966/
249609,Ari Ari,ありっちゃありスパーク058「映画『はりぼて』で感じた見ること、見られること」,「俺のルール」はどこで発動されるのか,2020-09-07,https://omocoro.heteml.net/radio/arispa/058/058.mp3,https://omocoro.jp/radio/249609/
249121,Ari Ari,ありっちゃありスパーク057「ガーゴイル鳴き声選手権！結果発表！」,唸れ！ガーゴイル！,2020-08-31,https://omocoro.heteml.net/radio/arispa/057/057.mp3,https://omocoro.jp/radio/249121/
247510,Ari Ari,ありっちゃありスパーク056「オープニング曲が変わる違和感を味わう回」,違和感を感じるぞ！,2020-08-24,https://omocoro.heteml.net/radio/arispa/056/056.mp3,https://omocoro.jp/radio/247510/
247177,Ari Ari,ありっちゃありスパーク055「室木おすしのありっちゃあり素粒子大学」,とにかくちっちぇえ！,2020-08-17,https://omocoro.heteml.net/radio/arispa/055/055.mp3,https://omocoro.jp/radio/247177/
245289,Ari Ari,ありっちゃありスパーク054「世界初！ガーゴイル鳴き声選手権！」,唸れ！ガーゴイル！,2020-08-10,https://omocoro.heteml.net/radio/arispa/054/054.mp3,https://omocoro.jp/radio/245289/
244197,Ari Ari,ありっちゃありスパーク053「【誰が興味あんねんシリーズ】原宿が2期連続マンション管理組合の理事長になりました！」,二期連続はなかなかできない,2020-08-03,https://omocoro.heteml.net/radio/arispa/053/053.mp3,https://omocoro.jp/radio/244197/
242282,Ari Ari,ありっちゃありスパーク052「妻に英会話と食洗機を止められた男たち」,思うようにならないのが人生。,2020-07-27,https://omocoro.heteml.net/radio/arispa/052/052.mp3,https://omocoro.jp/radio/242282/
241554,Ari Ari,ありっちゃありスパーク051「『Last of us 2』はアンチゲーム体験だ」,このゲームは凄かった。,2020-07-20,https://omocoro.heteml.net/radio/arispa/051/051.mp3,https://omocoro.jp/radio/241554/
240633,Ari Ari,ありっちゃありスパーク050「育児クイズふたたび」,ファントミラージュ終わっちゃうね,2020-07-13,https://omocoro.heteml.net/radio/arispa/050/050.mp3,https://omocoro.jp/radio/240633/
239779,Ari Ari,ありっちゃありスパーク049「みんな家庭で面白いことを言ってるのか問題」,あなたは妻を笑わせているか,2020-07-06,https://omocoro.heteml.net/radio/arispa/049/049.mp3,https://omocoro.jp/radio/239779/
238932,Ari Ari,ありっちゃありスパーク048「妻へのプレゼントを失敗した男の談話」,人は間違える,2020-06-29,https://omocoro.heteml.net/radio/arispa/048/048.mp3,https://omocoro.jp/radio/238932/
237841,Ari Ari,ありっちゃありスパーク047「素粒子で間違えた私たち」,間違いを発信してしまった時、人はどうすべきか,2020-06-22,https://omocoro.heteml.net/radio/arispa/047/047.mp3,https://omocoro.jp/radio/237841/
236901,Ari Ari,ありっちゃありスパーク046「世界は素粒子でできいる」,ただひとつ、素粒子でないものとは…,2020-06-15,https://omocoro.heteml.net/radio/arispa/046/046.mp3,https://omocoro.jp/radio/236901/
236114,Ari Ari,ありっちゃありスパーク045「40歳のフォトフェイシャル」,フォトフェイシャルの痛さを解説するラジオ,2020-06-08,https://omocoro.heteml.net/radio/arispa/045/045.mp3,https://omocoro.jp/radio/236114/
235081,Ari Ari,ありっちゃありスパーク044「チャンチャンボール事件」,不思議な事件が起こりました,2020-06-01,https://omocoro.heteml.net/radio/arispa/044/044.mp3,https://omocoro.jp/radio/235081/
233532,Ari Ari,ありっちゃありスパーク043「切れかけた蛍光灯を探せ」,チャンスはそこにある,2020-05-25,https://omocoro.heteml.net/radio/arispa/043/043.mp3,https://omocoro.jp/radio/233532/
232608,Ari Ari,ありっちゃありスパーク042「ナチュラル・アークエンジェル」,どこまで親は子供を見守るのか,2020-05-18,https://omocoro.heteml.net/radio/arispa/042/042.mp3,https://omocoro.jp/radio/232608/
231766,Ari Ari,ありっちゃありスパーク041「子供に“ヒント”という言葉をどう説明するか問題」,説明しようがない言葉,2020-05-11,https://omocoro.heteml.net/radio/arispa/041/041.mp3,https://omocoro.jp/radio/231766/
230801,Ari Ari,ありっちゃありスパーク040「チャレンジ島の闇」,しまじろうの父親の名前って分かる？,2020-05-04,https://omocoro.heteml.net/radio/arispa/040/040.mp3,https://omocoro.jp/radio/230801/
229656,Ari Ari,ありっちゃありスパーク039「チョコ棒の凄さ」,うまい棒のたこやき味、なんであんなに硬い？,2020-04-27,https://omocoro.heteml.net/radio/arispa/039/039.mp3,https://omocoro.jp/radio/229656/
227925,Ari Ari,ありっちゃありスパーク038「サーヴァント・ターナー家の子守」,離れていても心はスパーク,2020-04-20,https://omocoro.heteml.net/radio/arispa/038/038.mp3,https://omocoro.jp/radio/227925/
227366,Ari Ari,ありっちゃありスパーク037「タイムスリップものにノレる男、ノレない男」,人生ベストドラマ（日本の）を話す,2020-04-13,https://omocoro.heteml.net/radio/arispa/037/037.mp3,https://omocoro.jp/radio/227366/
226882,Ari Ari,ありっちゃありスパーク036「不要不急の大雑談」,ありっちゃありと言わせてよ,2020-04-06,https://omocoro.heteml.net/radio/arispa/036/036.mp3,https://omocoro.jp/radio/226882/
225462,Ari Ari,ありっちゃありスパーク035「Youtubeで見てる動画の話を延々としてしまった回」,Youtube見てる？,2020-03-30,https://omocoro.heteml.net/radio/arispa/035/035.mp3,https://omocoro.jp/radio/225462/
225070,Ari Ari,ありっちゃありスパーク034「10ヶ月後のキャッシュバックキャンペーンは無理」,10ヶ月後にキャッシュバックの届けを出させる社会にNO,2020-03-23,https://omocoro.heteml.net/radio/arispa/034/034.mp3,https://omocoro.jp/radio/225070/
223686,Ari Ari,ありっちゃありスパーク033「妻に秘密にしていること」,夫婦間でなぜか言ってないことってある？,2020-03-16,https://omocoro.heteml.net/radio/arispa/033/033.mp3,https://omocoro.jp/radio/223686/
223207,Ari Ari,ありっちゃありスパーク032「室木おすし出版記念イベント公開収録」,エッセイ漫画の嘘を暴け！,2020-03-09,https://omocoro.heteml.net/radio/arispa/032/032.mp3,https://omocoro.jp/radio/223207/
221627,Ari Ari,ありっちゃありスパーク031「EXILEのSHOKICHIさんとサウナに行った男」,まさか…そんなことが！？,2020-03-02,https://omocoro.heteml.net/radio/arispa/031/031.mp3,https://omocoro.jp/radio/221627/
220953,Ari Ari,ありっちゃありスパーク030「マザー牧場のでかい牛」,そんなにでかくないのかも,2020-02-24,https://omocoro.heteml.net/radio/arispa/030/030.mp3,https://omocoro.jp/radio/220953/
220230,Ari Ari,ありっちゃありスパーク029「記憶　PART-3」,思い出せ、記憶を,2020-02-17,https://omocoro.heteml.net/radio/arispa/029/029.mp3,https://omocoro.jp/radio/220230/
218430,Ari Ari,ありっちゃありスパーク028「文武両道への疑問」,栄養補助食品に感じる違和感,2020-02-10,https://omocoro.heteml.net/radio/arispa/028/028.mp3,https://omocoro.jp/radio/218430/
217216,Ari Ari,ありっちゃありスパーク027「令和2年、泥棒ふたたび」,分け与えよ,2020-02-03,https://omocoro.heteml.net/radio/arispa/027/027.mp3,https://omocoro.jp/radio/217216/
216701,Ari Ari,ありっちゃありスパーク026「2020年、室木おすしが来る！」,本当にきてるかもという話,2020-01-27,https://omocoro.heteml.net/radio/arispa/026/026.mp3,https://omocoro.jp/radio/216701/
215747,Ari Ari,ありっちゃありスパーク025「記憶」,人にはなんでも無い記憶がある,2020-01-20,https://omocoro.heteml.net/radio/arispa/025/025.mp3,https://omocoro.jp/radio/215747/
214556,Ari Ari,ありっちゃありスパーク024「北ちゃんステーキフェア事件 ～後日談～」,小さいようで大きい事件,2020-01-13,https://omocoro.heteml.net/radio/arispa/024/024.mp3,https://omocoro.jp/radio/214556/
213942,Ari Ari,ありっちゃありスパーク023「ボチョ・オスシ」,明けたねえ,2020-01-06,https://omocoro.heteml.net/radio/arispa/023/023.mp3,https://omocoro.jp/radio/213942/
212687,Ari Ari,ありっちゃありスパーク022「チ○ポストリーム3」,今年もやってしまいました,2019-12-23,https://omocoro.heteml.net/radio/arispa/022/022.mp3,https://omocoro.jp/radio/212687/
211962,Ari Ari,ありっちゃありスパーク021「誰の人生にも一つはある『あの事件』ついにコーナー化！」,もっと聞きたい小さい事件,2019-12-16,https://omocoro.heteml.net/radio/arispa/021/021.mp3,https://omocoro.jp/radio/211962/
210137,Ari Ari,ありっちゃありスパーク020「室木おすし改名騒動」,改名したい男、おすし,2019-12-09,https://omocoro.heteml.net/radio/arispa/020/020.mp3,https://omocoro.jp/radio/210137/
209473,Ari Ari,ありっちゃありスパーク019「三択クイズの泥棒」,オモコロチャンネルをよろしくお願いします,2019-12-02,https://omocoro.heteml.net/radio/arispa/019/019.mp3,https://omocoro.jp/radio/209473/
208175,Ari Ari,ありっちゃありスパーク018「人生に起こる『あの事件』 ～迫のオルゴール事件～」,もっと聞きたい事件の話,2019-11-25,https://omocoro.heteml.net/radio/arispa/018/018.mp3,https://omocoro.jp/radio/208175/
207046,Ari Ari,ありっちゃありスパーク017「父として家族で初めてディズニーに行った話」,そして父になる,2019-11-18,https://omocoro.heteml.net/radio/arispa/017/017.mp3,https://omocoro.jp/radio/207046/
205608,Ari Ari,ありっちゃありスパーク016「かまどの緊急ゲスト回」,また、なんですね,2019-11-11,https://omocoro.heteml.net/radio/arispa/016/016.mp3,https://omocoro.jp/radio/205608/
204142,Ari Ari,ありっちゃありスパーク015「今明かされる、北ちゃんステーキフェア事件の真相」,誰の人生にも、振り返りたい事件がある,2019-11-04,https://omocoro.heteml.net/radio/arispa/015/015.mp3,https://omocoro.jp/radio/204142/
203175,Ari Ari,ありっちゃありスパーク014「免疫の落ちている２人」,大人になるとリソースを100%で使えない問題,2019-10-28,https://omocoro.heteml.net/radio/arispa/014/014.mp3,https://omocoro.jp/radio/203175/
201898,Ari Ari,ありっちゃありスパーク013「50万円を手に入れた緊急ゲストが登場」,引っ越し代のはずが…,2019-10-20,https://omocoro.heteml.net/radio/arispa/013/013.mp3,https://omocoro.jp/radio/201898/
200296,Ari Ari,ありっちゃありスパーク012「若者に訊け！ ゲスト:野田せいぞ」,野田せいぞに訊け！,2019-10-14,https://omocoro.heteml.net/radio/arispa/012/012.mp3,https://omocoro.jp/radio/200296/
198655,Ari Ari,ありっちゃありスパーク011「サウナフェスだ！いる人大放出回だ！」,「いる人」をめちゃくちゃ読みました,2019-10-07,https://omocoro.heteml.net/radio/arispa/011/011.mp3,https://omocoro.jp/radio/198655/
197609,Ari Ari,ありっちゃありスパーク010「発注者にぶっちゃけて聞きたいこと」,締め切りやギャラなど、フリーランサーがおすしが発注者にぶっちゃけて聞きたいこと,2019-09-30,https://omocoro.heteml.net/radio/arispa/010/010.mp3,https://omocoro.jp/radio/197609/
196485,Ari Ari,ありっちゃありスパーク009「仕事に全振りするという欲望」,憧れはあるよね,2019-09-23,https://omocoro.heteml.net/radio/arispa/009/009.mp3,https://omocoro.jp/radio/196485/
194423,Ari Ari,ありっちゃありスパーク008「子供が言うことを聞かなかったらアンパンマンミュージアムに行けの法則」,恐怖で人は動くのか,2019-09-16,https://omocoro.heteml.net/radio/arispa/008/008.mp3,https://omocoro.jp/radio/194423/
193743,Ari Ari,ありっちゃありスパーク007「今、三択クイズが熱い」,最高の娯楽を見つけました,2019-09-09,https://omocoro.heteml.net/radio/arispa/007/007.mp3,https://omocoro.jp/radio/193743/
192450,Ari Ari,ありっちゃありスパーク006「オムライスにポカリを入れてみたら」,オムライスの味付けに迷った時は,2019-09-02,https://omocoro.heteml.net/radio/arispa/006/006.mp3,https://omocoro.jp/radio/192450/
192074,Ari Ari,ありっちゃありスパーク005「ありっちゃシネマウォーズ　～天気の子～」,須賀よ,2019-08-26,https://omocoro.heteml.net/radio/arispa/005/005.mp3,https://omocoro.jp/radio/192074/
190406,Ari Ari,ありっちゃありスパーク004「ありスパ、なぜこの二人なのか」,とにかく家の近さにこだわる男,2019-08-19,https://omocoro.heteml.net/radio/arispa/004/004.mp3,https://omocoro.jp/radio/190406/
188967,Ari Ari,ありっちゃありスパーク003「マンション理事長」,マンション理事長あるある早く言いたい,2019-08-12,https://omocoro.heteml.net/radio/arispa/003/003.mp3,https://omocoro.jp/radio/188967/
187065,Ari Ari,ありっちゃありスパーク002「最初に謝る大事」,あの！あるっちゃある二人が帰ってきた！,2019-08-05,https://omocoro.heteml.net/radio/arispa/002/002.mp3,https://omocoro.jp/radio/187065/
184038,Ari Ari,ありっちゃありスパーク001「閃け！ ありっちゃスパーク！」,あの！あるっちゃある二人が帰ってきた！,2019-07-29,https://omocoro.heteml.net/radio/arispa/001/001.mp3,https://omocoro.jp/radio/184038/
184471,Ari Ari,※ありっちゃありアワーのリニューアルにつきまして,お知らせ,2019-07-22,,https://omocoro.jp/radio/184471/
183372,Ari Ari,ありっちゃありアワー158「さらば、ありっちゃありアワー」,およそ三年間、ありがとうございました。,2019-07-15,https://omocoro.heteml.net/radio/ariari/158/158.mp3,https://omocoro.jp/radio/183372/
182323,Ari Ari,ありっちゃありアワー157「両手放しでおしっこをしていた男」,一体、何者。,2019-07-08,https://omocoro.heteml.net/radio/ariari/157/157.mp3,https://omocoro.jp/radio/182323/
181463,Ari Ari,ありっちゃありアワー156「室木おすし、青春の思い出を巡る」,人それぞれ、思い出の深い場所がある。,2019-07-01,https://omocoro.heteml.net/radio/ariari/156/156.mp3,https://omocoro.jp/radio/181463/
179525,Ari Ari,ありっちゃありアワー155「ただ娘が可愛いと話すだけのラジオ」,娘よ。,2019-06-24,https://omocoro.heteml.net/radio/ariari/155/155.mp3,https://omocoro.jp/radio/179525/
179107,Ari Ari,ありっちゃありアワー154「日記を書き始めた者」,日記ってやっぱいい。,2019-06-17,https://omocoro.heteml.net/radio/ariari/154/154.mp3,https://omocoro.jp/radio/179107/
178263,Ari Ari,ありっちゃありアワー153「【緊急ゲスト回】オモコロの新アルバイト・ヤスミノに話を聞く」,ヤスミノの不安。,2019-06-10,https://omocoro.heteml.net/radio/ariari/153/153.mp3,https://omocoro.jp/radio/178263/
177230,Ari Ari,ありっちゃありアワー152「室木おすし、蓄膿症になる」,匂いを感じない時、父はどうするか。,2019-06-03,https://omocoro.heteml.net/radio/ariari/152/152.mp3,https://omocoro.jp/radio/177230/
176333,Ari Ari,ありっちゃありアワー151「原宿が38歳に/人生が引き返せなくなった瞬間」,まさか38年も生きるとは思ってもみなかった。,2019-05-27,https://omocoro.heteml.net/radio/ariari/151/151.mp3,https://omocoro.jp/radio/176333/
175683,Ari Ari,ありっちゃありアワー150「企業名いしやきいも化計画」,オモコロYouTubeチャンネルが始まりました。,2019-05-20,https://omocoro.heteml.net/radio/ariari/150/150.mp3,https://omocoro.jp/radio/175683/
174320,Ari Ari,ありっちゃありアワー149「にんにくたっぷりキムチ１位」,久しぶりにキムチ１位が帰ってきた！,2019-05-13,https://omocoro.heteml.net/radio/ariari/149/149.mp3,https://omocoro.jp/radio/174320/
172627,Ari Ari,ありっちゃありアワー148「記憶」,忘れていく僕たちが覚えていること。,2019-05-06,https://omocoro.heteml.net/radio/ariari/148/148.mp3,https://omocoro.jp/radio/172627/
172302,Ari Ari,ありっちゃありアワー147「室木、トリガー鍼灸に行く」,トリガーを破壊せよ。スクラップ&スクラップ！,2019-04-22,https://omocoro.heteml.net/radio/ariari/147/147.mp3,https://omocoro.jp/radio/172302/
171390,Ari Ari,ありっちゃありアワー146「子供の写真を無断でSNSに上げるかどうか問題」,不定期で育児相談室的な放送もしていきたいと思う２人,2019-04-15,https://omocoro.heteml.net/radio/ariari/146/146.mp3,https://omocoro.jp/radio/171390/
170594,Ari Ari,ありっちゃありアワー145「クリエイターズエキスポに来ています」,クリエイターの祭典,2019-04-08,https://omocoro.heteml.net/radio/ariari/145/145.mp3,https://omocoro.jp/radio/170594/
169967,Ari Ari,ありっちゃありアワー144「父親ラジオ・保育士の給料を上げなきゃどもならんだろ！！！！！オイ！オイオイ！！！」,当事者になると言いたくなること,2019-04-01,https://omocoro.heteml.net/radio/ariari/144/144.mp3,https://omocoro.jp/radio/169967/
169796,Ari Ari,ありっちゃありアワー143「新元号は野蛮な鬼と書いて“蛮鬼”になって欲しい」,国よ　奇をてらえ,2019-03-25,https://omocoro.heteml.net/radio/ariari/143/143.mp3,https://omocoro.jp/radio/169796/
169123,Ari Ari,ありっちゃありアワー142「結婚式の常識をそろそろ変えようの回」,誰が決めたか3万円,2019-03-18,https://omocoro.heteml.net/radio/ariari/142/142.mp3,https://omocoro.jp/radio/169123/
168675,Ari Ari,ありっちゃありアワー141「耳エステとネトラバスティー」,してみたかった経験をつぶしていくという放送,2019-03-11,https://omocoro.heteml.net/radio/ariari/141/141.mp3,https://omocoro.jp/radio/168675/
167570,Ari Ari,ありっちゃありアワー140「【ゲスト回】ギャラクシーは思い出を食べる」,明日死ぬとしたら食べたいもの、年々変化していく説,2019-03-04,https://omocoro.heteml.net/radio/ariari/140/140.mp3,https://omocoro.jp/radio/167570/
166879,Ari Ari,ありっちゃありアワー139「第一回　いる人アワード」,いる人の頂点が今夜決定！,2019-02-25,https://omocoro.heteml.net/radio/ariari/139/139.mp3,https://omocoro.jp/radio/166879/
166343,Ari Ari,ありっちゃありアワー138「いる人アワード直前追い込みスペシャル」,左の奥歯がツルツルしてる人,2019-02-18,https://omocoro.heteml.net/radio/ariari/138/138.mp3,https://omocoro.jp/radio/166343/
165795,Ari Ari,ありっちゃありアワー137「ベストスナック2019」,童心に帰って好きなスナック菓子の順位を決めよう,2019-02-11,https://omocoro.heteml.net/radio/ariari/137/137.mp3,https://omocoro.jp/radio/165795/
165131,Ari Ari,ありっちゃありアワー136「卒業した日付の新聞をとっておく」,25年前の新聞を読んでみる,2019-02-04,https://omocoro.heteml.net/radio/ariari/136/136.mp3,https://omocoro.jp/radio/165131/
164240,Ari Ari,ありっちゃありアワー135「ヤクルトをジョッキで飲む」,ヤクルトをジョッキで飲むとどんな感じがするのか,2019-01-28,https://omocoro.heteml.net/radio/ariari/135/135.mp3,https://omocoro.jp/radio/164240/
163552,Ari Ari,ありっちゃありアワー134「今年もやろうベスト◯◯」,ベストベジタブルの次は果たして,2019-01-21,https://omocoro.heteml.net/radio/ariari/134/134.mp3,https://omocoro.jp/radio/163552/
163352,Ari Ari,ありっちゃありアワー133「第二回リスナープレゼントセンス選手権　～俺たちはどこで間違ったのか～」,応募数が少なかった理由を考える。,2019-01-14,https://omocoro.heteml.net/radio/ariari/133/133.mp3,https://omocoro.jp/radio/163352/
162600,Ari Ari,ありっちゃありアワー132「チ◯ポストリーム 2」,遠い地平線が消えて、深々とした夜の闇に心を休める時、遥か雲海の上を、音もなく流れ去る気流は、たゆみない 宇宙の営みを告げています。,2019-01-07,https://omocoro.heteml.net/radio/ariari/132/132.mp3,https://omocoro.jp/radio/162600/
161455,Ari Ari,ありっちゃありアワー131「第二回 リスナープレゼントセンス選手権」,リスナーの方へ向けて、原宿・おすしがプレゼントを買ってきました。,2018-12-24,https://omocoro.heteml.net/radio/ariari/131/131.mp3,https://omocoro.jp/radio/161455/
161344,Ari Ari,ありっちゃありアワー130「ありっちゃありアワー初公開収録。しかし…」,レコーダーの録音ボタンを押し忘れた奴はいねがあ。,2018-12-17,https://omocoro.heteml.net/radio/ariari/130/130.mp3,https://omocoro.jp/radio/161344/
160793,Ari Ari,ありっちゃありアワー129「カン違いは物語を進める」,とりとめのない、回。,2018-12-10,https://omocoro.heteml.net/radio/ariari/129/129.mp3,https://omocoro.jp/radio/160793/
158990,Ari Ari,ありっちゃありアワー128「ブチギレた経験」,人生で一番怒った出来事。,2018-12-03,https://omocoro.heteml.net/radio/ariari/128/128.mp3,https://omocoro.jp/radio/158990/
158136,Ari Ari,ありっちゃありアワー127「缶ビール飲んだあとに缶を見る人」,君は缶ビールを飲んだあと、缶を見ないでいられるか？,2018-11-26,https://omocoro.heteml.net/radio/ariari/127/127.mp3,https://omocoro.jp/radio/158136/
157330,Ari Ari,ありっちゃありアワー126「小さいエロ本が良かった時代の話」,発売記念イベントも開催決定！,2018-11-19,https://omocoro.heteml.net/radio/ariari/126/126.mp3,https://omocoro.jp/radio/157330/
157004,Ari Ari,ありっちゃありアワー125「悲しみゴリラ川柳の本が出る！」,発売記念イベントも開催決定！,2018-11-12,https://omocoro.heteml.net/radio/ariari/125/125.mp3,https://omocoro.jp/radio/157004/
156497,Ari Ari,ありっちゃありアワー124「40歳までにしたいこと」,死ぬまでにつぶしておきたいこと。,2018-11-05,https://omocoro.heteml.net/radio/ariari/124/124.mp3,https://omocoro.jp/radio/156497/
155668,Ari Ari,ありっちゃありアワー123「テレビ欄がいっぱい載ってる本」,日付の情報だけで、その日やってたテレビを当てられるのか。,2018-10-29,https://omocoro.heteml.net/radio/ariari/123/123.mp3,https://omocoro.jp/radio/155668/
155109,Ari Ari,ありっちゃありアワー122「ビーフジャーキーとビネガー入れは誰の手に」,第一回リスナープレゼント企画の結果を発表いたします,2018-10-22,https://omocoro.heteml.net/radio/ariari/122/122.mp3,https://omocoro.jp/radio/155109/
154894,Ari Ari,ありっちゃありアワー121「【緊急ゲスト回】かんちの怒りランキング・ベスト5」,日々の怒りを成仏させよう。,2018-10-15,https://omocoro.heteml.net/radio/ariari/121/121.mp3,https://omocoro.jp/radio/154894/
154179,Ari Ari,ありっちゃありアワー120「アプリゲームみんな何やってるの？回」,ゲームアプリは精神安定剤。,2018-10-08,https://omocoro.heteml.net/radio/ariari/120/120.mp3,https://omocoro.jp/radio/154179/
154023,Ari Ari,ありっちゃありアワー119「第一回 リスナープレゼントセンス選手権」,リスナーの方へ向けて、原宿・おすしがプレゼントを買ってきました。,2018-10-01,https://omocoro.heteml.net/radio/ariari/119/119.mp3,https://omocoro.jp/radio/154023/
152791,Ari Ari,ありっちゃありアワー118「ベストタイム 2018」,一日の中で一番好きな時間って何時？,2018-09-24,https://omocoro.heteml.net/radio/ariari/118/118.mp3,https://omocoro.jp/radio/152791/
152284,Ari Ari,ありっちゃありアワー117「第一回プレゼントセンス対決　-前哨戦-」,コンビニを舞台に、プレゼントセンスを競う。,2018-09-17,https://omocoro.heteml.net/radio/ariari/117/117.mp3,https://omocoro.jp/radio/152284/
150973,Ari Ari,ありっちゃありアワー116「“塩で食べる”が意外と正解の話」,世の中、意外と塩。,2018-09-10,https://omocoro.heteml.net/radio/ariari/116/116.mp3,https://omocoro.jp/radio/150973/
150483,Ari Ari,ありっちゃありアワー115「たべっこどうぶつ当てがキている話」,たべっこどうぶつを撫で回す男に訪れたアツイ展開。,2018-09-03,https://omocoro.heteml.net/radio/ariari/115/115.mp3,https://omocoro.jp/radio/150483/
149499,Ari Ari,ありっちゃありアワー114「パンティ売り場いくつになっても平気にならない問題」,見てはいけない場所。,2018-08-27,https://omocoro.heteml.net/radio/ariari/114/114.mp3,https://omocoro.jp/radio/149499/
149080,Ari Ari,ありっちゃありアワー113「原宿・おすしのベストベジタブル2018」,野菜の好き嫌い、それは「人それぞれ」。,2018-08-20,https://omocoro.heteml.net/radio/ariari/113/113.mp3,https://omocoro.jp/radio/149080/
148753,Ari Ari,ありっちゃありアワー112「初めてウォシュレットをした日」,覚えていますか？初めてウォシュレットをした日のことを。,2018-08-13,https://omocoro.heteml.net/radio/ariari/112/112.mp3,https://omocoro.jp/radio/148753/
148035,Ari Ari,ありっちゃありアワー111「セグウェイ乗るのか乗れないのかラジオ」,セグウェイに、乗りたい。,2018-08-06,https://omocoro.heteml.net/radio/ariari/111/111.mp3,https://omocoro.jp/radio/148035/
147584,Ari Ari,ありっちゃありアワー110「みくのしん ベストアイス2018」,みくのしんの好きなアイスが聞きたいものたち、集まれっ！,2018-07-30,https://omocoro.heteml.net/radio/ariari/110/110.mp3,https://omocoro.jp/radio/147584/
146605,Ari Ari,ありっちゃありアワー109「明日、39歳になる男」,室木おすしくん、お誕生日おめでとう！,2018-07-23,https://omocoro.heteml.net/radio/ariari/109/109.mp3,https://omocoro.jp/radio/146605/
146087,Ari Ari,ありっちゃありアワー108「室木おすし、100年に1人の逸材と台湾に行く」,新日本プロレスの棚橋選手に悩みを相談してみた。,2018-07-16,https://omocoro.heteml.net/radio/ariari/108/108.mp3,https://omocoro.jp/radio/146087/
144932,Ari Ari,ありっちゃありアワー107「バターライス食べる時は体からのサインが出るまで待ってねラジオ」,バターライスをいつでも食べれると勘違いするな,2018-07-09,https://omocoro.heteml.net/radio/ariari/107/107.mp3,https://omocoro.jp/radio/144932/
144567,Ari Ari,ありっちゃありアワー106「お茶濁しイラストレーター論」,タレ目の人を怒らせた絵は、どう描く？,2018-07-02,https://omocoro.heteml.net/radio/ariari/106/106.mp3,https://omocoro.jp/radio/144567/
143970,Ari Ari,ありっちゃありアワー105「キムチワールドカップ」,キムチ戦線異常あり,2018-06-25,https://omocoro.heteml.net/radio/ariari/105/105.mp3,https://omocoro.jp/radio/143970/
143044,Ari Ari,ありっちゃありアワー104「子供の前でのちょい悪口コミュニケーション害悪説」,教育の果てには何があるのか,2018-06-18,https://omocoro.heteml.net/radio/ariari/104/104.mp3,https://omocoro.jp/radio/143044/
142468,Ari Ari,ありっちゃありアワー103「『生まれたての仔鹿』に代わる例えとは」,もうそれしかない、という例え,2018-06-11,https://omocoro.heteml.net/radio/ariari/103/103.mp3,https://omocoro.jp/radio/142468/
141742,Ari Ari,ありっちゃありアワー「人はみな謝らないジジイ / いる人大放出回」,フリーランスが制服を着る効果とは,2018-06-04,https://omocoro.heteml.net/radio/ariari/102/102.mp3,https://omocoro.jp/radio/141742/
141235,Ari Ari,ありっちゃありアワー「男がイラストレーターになる理由」,フリーランスが制服を着る効果とは,2018-05-28,https://omocoro.heteml.net/radio/ariari/101/101.mp3,https://omocoro.jp/radio/141235/
140691,Ari Ari,ありっちゃありアワー放送100回記念「競馬好きが教える府中競馬場のみどころ」,馬券で勝ってオリジナルグッズを作ろう,2018-05-21,https://omocoro.heteml.net/radio/ariari/100/100.mp3,https://omocoro.jp/radio/140691/
139733,Ari Ari,ありっちゃありアワー「幼な子と公園で遊ぶのがめちゃめちゃつまんない時どうしたらいいの？（ゲスト:宮川サトシ）」,父である前に、ひとりの人間,2018-05-14,https://omocoro.heteml.net/radio/ariari/099/099.mp3,https://omocoro.jp/radio/139733/
139170,Ari Ari,ありっちゃありアワー「宮川サトシをゲストに迎えて宇宙戦艦ティラミスSP！」,宇宙戦艦ティラミスアニメ化記念スペシャル！,2018-05-07,https://omocoro.heteml.net/radio/ariari/098/098.mp3,https://omocoro.jp/radio/139170/
138173,Ari Ari,ありっちゃありアワー097「釣りバカ日誌とNetflix『ザ・プッシュ』」,フリーランスが制服を着る効果とは,2018-04-23,https://omocoro.heteml.net/radio/ariari/097/097.mp3,https://omocoro.jp/radio/138173/
137637,Ari Ari,ありっちゃありアワー096「フリーランスが制服を着るということ」,フリーランスが制服を着る効果とは,2018-04-16,https://omocoro.heteml.net/radio/ariari/096/096.mp3,https://omocoro.jp/radio/137637/
136773,Ari Ari,ありっちゃありアワー095「叙々苑キムチバイアス」,叙々苑キムチが強すぎることで問題の企画「キムチ一位」,2018-04-09,https://omocoro.heteml.net/radio/ariari/095/095.mp3,https://omocoro.jp/radio/136773/
136128,Ari Ari,ありっちゃありアワー094「小学生へのコメントは難しい」,「小学八年生」に、おすしがイラスト描いているので読んでね！,2018-04-02,https://omocoro.heteml.net/radio/ariari/094/094.mp3,https://omocoro.jp/radio/136128/
135376,Ari Ari,ありっちゃありアワー093「子供がハマるYouTube」,すいません失くしました,2018-03-26,https://omocoro.heteml.net/radio/ariari/093/093.mp3,https://omocoro.jp/radio/135376/
134771,Ari Ari,ありっちゃありアワー092「いかの中身はヨーグルト、おいちぃおいちぃおいちぃよ」,幼な子の恐怖心と記憶力について,2018-03-19,https://omocoro.heteml.net/radio/ariari/092/092.mp3,https://omocoro.jp/radio/134771/
134307,Ari Ari,ありっちゃありアワー091「J-waveで川柳を読んだ末に」,キムチ一位への反響がありましてありがたいことです。,2018-03-12,https://omocoro.heteml.net/radio/ariari/091/091.mp3,https://omocoro.jp/radio/134307/
133819,Ari Ari,ありっちゃありアワー090「叙々苑キムチのキラ」,キムチ一位、決まってしまったのかもしれません。,2018-03-05,https://omocoro.heteml.net/radio/ariari/090/090.mp3,https://omocoro.jp/radio/133819/
133268,Ari Ari,ありっちゃありアワー089「胆のう」,本日から少し構成を変えてみました。,2018-02-26,https://omocoro.heteml.net/radio/ariari/089/089.mp3,https://omocoro.jp/radio/133268/
132707,Ari Ari,ありっちゃありアワー088「なしっちゃなしアワー」,たまには無いだろということを,2018-02-19,https://omocoro.heteml.net/radio/ariari/088/088.mp3,https://omocoro.jp/radio/132707/
132201,Ari Ari,ありっちゃありアワー087「一.現状不満足の精神 一.目標達成の執念 一.有言実行の覚悟」,太陽光発電パネルを売り歩いていた男の話,2018-02-11,https://omocoro.heteml.net/radio/ariari/087/087.mp3,https://omocoro.jp/radio/132201/
131291,Ari Ari,ありっちゃありアワー086「ありっちゃ大相撲生観戦アワー後半戦」,大相撲初場所7日目を現地観戦したあとに録音した音声の後半戦です。,2018-02-05,https://omocoro.heteml.net/radio/ariari/086/086.mp3,https://omocoro.jp/radio/131291/
130954,Ari Ari,ありっちゃありアワー085「ありっちゃ大相撲生観戦アワー」,大相撲初場所7日目を現地観戦したあとに録音しました。,2018-01-27,https://omocoro.heteml.net/radio/ariari/085/085.mp3,https://omocoro.jp/radio/130954/
130014,Ari Ari,ありっちゃありアワー084「2018年は生春巻きの年」,生春巻きの席はまだがら空きだ。,2018-01-22,https://omocoro.heteml.net/radio/ariari/084/084.mp3,https://omocoro.jp/radio/130014/
129896,Ari Ari,ありっちゃありアワー083「年明けありっちゃドライブ a go go」,新年一発目！あてのないドライブに出ながら録音してみました。,2018-01-15,https://omocoro.heteml.net/radio/ariari/083/083.mp3,https://omocoro.jp/radio/129896/
128340,Ari Ari,ありっちゃありアワー082「チ◯ポストリーム」,遠い地平線が消えて、深々としたチンゲに心を休める時、遥かタマキンの上で、音もなくぶらさがるチンポは、限りない宇宙の営みを告げています。,2017-12-25,https://omocoro.heteml.net/radio/ariari/082/082.mp3,https://omocoro.jp/radio/128340/
127329,Ari Ari,ありっちゃありアワー081「若人よ。100の乳を揉みなさい」,100でおっぱいと対峙できるのは若い内だけ、老いた男たちのそんな悲しい話です。,2017-12-18,https://omocoro.heteml.net/radio/ariari/081/081.mp3,https://omocoro.jp/radio/127329/
126668,Ari Ari,ありっちゃありアワー080「人混みで“お父さん”と呼ぶと、たくさんのお父さん振り返る問題」,「お父さんお母さん」ってよくよく考えたら不便じゃない？,2017-12-11,https://omocoro.heteml.net/radio/ariari/080/080.mp3,https://omocoro.jp/radio/126668/
126014,Ari Ari,ありっちゃありアワー079「同世代飲みで気づくお笑い番組の謎」,カトちゃんケンちゃん派だったのに、ひょうきん族の懺悔のコーナーだけ何故か見ていた人のためのラジオ。,2017-12-04,https://omocoro.heteml.net/radio/ariari/079/079.mp3,https://omocoro.jp/radio/126014/
125407,Ari Ari,ありっちゃありアワー078「ハノーバー高校落書き事件簿」,NETFLIXで見られるオススメ作品をご紹介します。,2017-11-27,https://omocoro.heteml.net/radio/ariari/078/078.mp3,https://omocoro.jp/radio/125407/
125031,Ari Ari,ありっちゃありアワー077「ケンタッキーでチキンの部位を指定する行為」,ケンタッキーのチキンの部位、あなたは指定しますか？しませんか？,2017-11-20,https://omocoro.heteml.net/radio/ariari/077/077.mp3,https://omocoro.jp/radio/125031/
124490,Ari Ari,ありっちゃありアワー076「相撲の立会いふんわりしすぎ問題」,大相撲の立会いってルールがよく分かってないけどどういうことなの？,2017-11-13,https://omocoro.heteml.net/radio/ariari/076/076.mp3,https://omocoro.jp/radio/124490/
123999,Ari Ari,ありっちゃありアワー075「11月場所直前！ありっちゃ大相撲アワー」,大相撲好きな人を呼んで、2017年の11月場所について話を聞きました。,2017-11-06,https://omocoro.heteml.net/radio/ariari/075/075.mp3,https://omocoro.jp/radio/123999/
123449,Ari Ari,ありっちゃありアワー074「VRのAVは自分の経験に数えてOKの話」,VRで見たものっていつか自分の経験になるらしいです。,2017-10-30,https://omocoro.heteml.net/radio/ariari/074/074.mp3,https://omocoro.jp/radio/123449/
122978,Ari Ari,ありっちゃありアワー073「キムチ1位を決める」,君はそこそこのキムチで満足してやいないか？,2017-10-23,https://omocoro.heteml.net/radio/ariari/073/073.mp3,https://omocoro.jp/radio/122978/
122250,Ari Ari,ありっちゃありアワー072「シャボン玉吹くとうちの子じゃない子まで集まっちゃう問題」,シャボン玉を公園で吹くと、自分の子じゃない子も集まっちゃうけどあれに対して他の親はキレたりしてないの？,2017-10-16,https://omocoro.heteml.net/radio/ariari/072/072.mp3,https://omocoro.jp/radio/122250/
121561,Ari Ari,ありっちゃありアワー071「うちの娘、二進法なんです」,子供はわけのわからないことにハマる。ひたすら0と1を描くことにハマりだした娘の話。,2017-10-09,https://omocoro.heteml.net/radio/ariari/071/071.mp3,https://omocoro.jp/radio/121561/
121591,Ari Ari,【スペシャルウィーク】 スーちゃんミーちゃんシーちゃん？ラジオ！,人気沸騰ご機嫌ラジオ【スーちゃんミーちゃんラジオ】になにやら誰かがやってきましたよ！yey！,2017-10-07,https://omocoro.heteml.net/radio/sp2/su-chan_mi-chan_shi-chan.mp3,https://omocoro.jp/radio/121591/
121336,Ari Ari,原宿・ギャラクシーのゲーム実況ラジオ「エターナルダークネス」,ゲーム実況を、やってみたかった。,2017-10-04,,https://omocoro.jp/radio/121336/
120572,Ari Ari,ありっちゃありアワー070「実質人気一位のラジオ」,ラジオイベントにてありっちゃありアワーが一位であるという確信を抱きました。,2017-09-25,https://omocoro.heteml.net/radio/ariari/070/070.mp3,https://omocoro.jp/radio/120572/
120024,Ari Ari,ありっちゃありアワー069「帰ってきたおでんツンツン男」,もしもおでんツンツン男が返ってくるために必要なことが分かった回です。,2017-09-18,https://omocoro.heteml.net/radio/ariari/069/069.mp3,https://omocoro.jp/radio/120024/
119451,Ari Ari,ありっちゃありアワー068「すぐ隣にいる人がいた回」,いる人を現行犯逮捕した回です。,2017-09-11,https://omocoro.heteml.net/radio/ariari/068/068.mp3,https://omocoro.jp/radio/119451/
118511,Ari Ari,ありっちゃありアワー067「読んだことない雑誌選手権　快活60/田舎暮らしの本」,読んだことない雑誌から知らない知識を言い合う企画です。官能小説の三大原則とは？儲かる農家の秘訣とは？,2017-09-04,https://omocoro.heteml.net/radio/ariari/067/067.mp3,https://omocoro.jp/radio/118511/
117888,Ari Ari,ありっちゃありアワー066「育児全振りラジオへの苦悩」,育児ラジオにオール・インすべきかどうかを悩む男たち。,2017-08-28,https://omocoro.heteml.net/radio/ariari/066/066.mp3,https://omocoro.jp/radio/117888/
117319,Ari Ari,ありっちゃありアワー065「たまにはド真ん中の育児の話をしてみる」,恥ずかしげもなく育児の話をしています。,2017-08-21,https://omocoro.heteml.net/radio/ariari/065/065.mp3,https://omocoro.jp/rensai/117319/
116740,Ari Ari,ありっちゃありアワー064「綱島　湯けむりの庄」,どローカルの健康ランドの話題に終始する回。,2017-08-14,https://omocoro.heteml.net/radio/ariari/064/064.mp3,https://omocoro.jp/rensai/116740/
116098,Ari Ari,ありっちゃありアワー063「祝！長イキアキヒコ赤塚賞受賞！長イキの好きな飲み物ベスト5大発表」,オモコロで漫画を描いてる長イキアキヒコが、集英社の赤塚賞・佳作に輝きました！おめでとう！,2017-08-07,https://omocoro.heteml.net/radio/ariari/063/063.mp3,https://omocoro.jp/rensai/116098/
115875,Ari Ari,ありっちゃありアワー062「日本で始めてラーメンを食べたのは水戸黄門では無かった」,信じてたのに…光圀…,2017-07-31,https://omocoro.heteml.net/radio/ariari/062/062.mp3,https://omocoro.jp/rensai/115875/
115363,Ari Ari,ありっちゃありアワー061「タイ古式マッサージでめっちゃ臭い屁が出たらどうすんの？」,考えといた方がよくない？,2017-07-24,https://omocoro.heteml.net/radio/ariari/061/061.mp3,https://omocoro.jp/rensai/115363/
114578,Ari Ari,ありっちゃありアワー060「強炭酸水の衝撃」,セブンイレブンが新しい味を増やすのではなく、炭酸を強めてくるという意味。,2017-07-17,https://omocoro.heteml.net/radio/ariari/060/060.mp3,https://omocoro.jp/rensai/114578/
114400,Ari Ari,ありっちゃありアワー059「知らないことの強さ」,ゲストに最近ジャンプに読み切りが載った凸ノを呼びました。,2017-07-10,https://omocoro.heteml.net/radio/ariari/059/059.mp3,https://omocoro.jp/rensai/114400/
113556,Ari Ari,ありっちゃありアワー058「水戸黄門が見出したものを考える」,こなきじじいが成功する方法も考えてみる。,2017-07-03,https://omocoro.heteml.net/radio/ariari/058/058.mp3,https://omocoro.jp/rensai/113556/
112917,Ari Ari,ありっちゃありアワー057「人生とはかっぱ巻きの上昇曲線である」,紳士の嗜み、ジェントルポイント。,2017-06-26,https://omocoro.heteml.net/radio/ariari/057/057.mp3,https://omocoro.jp/rensai/112917/
112338,Ari Ari,ありっちゃありアワー056「エレベーターにおけるもっとも紳士的な行為」,紳士の嗜み、ジェントルポイント。,2017-06-19,https://omocoro.heteml.net/radio/ariari/056/056.mp3,https://omocoro.jp/rensai/112338/
111669,Ari Ari,ありっちゃありアワー055「コメンテーターとして呼ばれた時の練習」,社会問題を考えてみましたが、答えを出すなんて無理だろ。,2017-06-12,https://omocoro.heteml.net/radio/ariari/055/055.mp3,https://omocoro.jp/rensai/111669/
111251,Ari Ari,ありっちゃありアワー054「久しぶりのいる人」,久しぶりに「いる人」を読みました。,2017-06-05,https://omocoro.heteml.net/radio/ariari/054/054.mp3,https://omocoro.jp/rensai/111251/
110597,Ari Ari,ありっちゃありアワー053「ひまわりおばさん vs ハッスル兄さん」,おすしの小学校に伝わっていた怪談「ひまわりおばさん」と、岩手の怪談「ハッスル兄さん」がついに激突しました。,2017-05-29,https://omocoro.heteml.net/radio/ariari/053/053.mp3,https://omocoro.jp/rensai/110597/
110334,Ari Ari,ありっちゃありアワー052「ふわっとしかビットコインを理解してない男に話を聞く」,急騰しているビットコインのこと、ふわっとしか知らない人に聞きました。,2017-05-22,https://omocoro.heteml.net/radio/ariari/052/052.mp3,https://omocoro.jp/rensai/110334/
109313,Ari Ari,ありっちゃありアワー051「相撲好きが語る　大相撲5月場所で注目すべき力士」,相撲好きが5月場所の優勝力士を大胆予想。,2017-05-15,https://omocoro.heteml.net/radio/ariari/051/051.mp3,https://omocoro.jp/rensai/109313/
109048,Ari Ari,ありっちゃありアワー050「相撲が好きな人に相撲の面白さを聞く PART-1」,相撲の面白さを少しでも分かりたい。,2017-05-08,https://omocoro.heteml.net/radio/ariari/050/050.mp3,https://omocoro.jp/rensai/109048/
108573,Ari Ari,ありっちゃありアワー049「おすしさんは心配性」,おすしは通り過ぎる人を通り魔だと思っている話。,2017-05-01,https://omocoro.heteml.net/radio/ariari/049/049.mp3,https://omocoro.jp/rensai/108573/
107990,Ari Ari,ありっちゃありアワー048「みくのしんと架空生物鳴き声コンテスト」,本日は室木おすし欠席！代わりに原宿とみくのしんが架空生物の鳴き声を考えます。,2017-04-24,https://omocoro.heteml.net/radio/ariari/048/048.mp3,https://omocoro.jp/rensai/107990/
107480,Ari Ari,ありっちゃありアワー047「読んだことない雑誌選手権パート2」,読んだことない雑誌の中から、相手が知らない知識を言った方が高得点。あの企画が帰ってきました。,2017-04-17,https://omocoro.heteml.net/radio/ariari/047/047.mp3,https://omocoro.jp/rensai/107480/
107062,Ari Ari,ありっちゃありアワー046「すきやばし二郎は予約できるのか」,すきやばし二郎に予約の電話をかけてみました。,2017-04-10,https://omocoro.heteml.net/radio/ariari/046/046.mp3,https://omocoro.jp/rensai/107062/
106401,Ari Ari,ありっちゃありアワー045「すきやばし二郎、行くのか行かないか」,読んだことのない雑誌から、あなたの絶対知らないであろう知識をお届けします。,2017-04-03,https://omocoro.heteml.net/radio/ariari/045/045.mp3,https://omocoro.jp/rensai/106401/
105682,Ari Ari,ありっちゃありアワー044「室木おすし、マッサージを語る」,読んだことのない雑誌から、あなたの絶対知らないであろう知識をお届けします。,2017-03-27,https://omocoro.heteml.net/radio/ariari/044/044.mp3,https://omocoro.jp/rensai/105682/
104985,Ari Ari,ありっちゃありアワー043「読んだことない雑誌選手権『ねぇ、これ知ってる？』」,読んだことのない雑誌から、あなたの絶対知らないであろう知識をお届けします。,2017-03-20,https://omocoro.heteml.net/radio/ariari/043/043.mp3,https://omocoro.jp/rensai/104985/
104624,Ari Ari,ありっちゃありアワー042「お腹空きラジオ」,ステーキ食べる時に、白いご飯の上を肉で叩いてまんべんなくソースを付けませんか？,2017-03-13,https://omocoro.heteml.net/radio/ariari/042/042.mp3,https://omocoro.jp/rensai/104624/
104219,Ari Ari,ありっちゃありアワー041「観ないで当てろ！映画当てクイズ」,映画の内容を口で説明して、作品を当てられるかという試みです。,2017-03-06,https://omocoro.heteml.net/radio/ariari/041/041.mp3,https://omocoro.jp/rensai/104219/
103558,Ari Ari,ありっちゃありアワー040「原宿・おすしのお腹空いたぁ～～～」,たまごかけごはんと鮭、どうやって食う？,2017-02-27,https://omocoro.heteml.net/radio/ariari/040/040.mp3,https://omocoro.jp/rensai/103558/
102628,Ari Ari,ありっちゃありアワー039「すべらない話ができるようになりたい話」,すべらない話ができる人間、できない人間のちがい。,2017-02-20,https://omocoro.heteml.net/radio/ariari/039/039.mp3,https://omocoro.jp/rensai/102628/
102270,Ari Ari,ありっちゃありアワー038「バクが夢を食う時の音を考えろ」,フェニックスやペガサスのような現実にはいない動物の鳴き声を考えます。,2017-02-13,https://omocoro.heteml.net/radio/ariari/038/038.mp3,https://omocoro.jp/rensai/102270/
101786,Ari Ari,ありっちゃありアワー037「『人生フルーツ』を見た話」,「人生フルーツ」というドキュメンタリーを見ました。,2017-02-06,https://omocoro.heteml.net/radio/ariari/037/037.mp3,https://omocoro.jp/rensai/101786/
101016,Ari Ari,ありっちゃありアワー036「第一回　フェニックスの鳴き声を探せ」,ドラゴン、ペガサス、フェニックス…どの架空生物も決まった鳴き声というのが無いので二人で探してみました。,2017-01-30,https://omocoro.heteml.net/radio/ariari/036/036.mp3,https://omocoro.jp/rensai/101016/
100747,Ari Ari,ありっちゃありアワー035「原宿、ぎっくり腰になる」,早くも老いの極地を体感してしまいました。,2017-01-23,https://omocoro.heteml.net/radio/ariari/035/035.mp3,https://omocoro.jp/rensai/100747/
100210,Ari Ari,ありっちゃありアワー034「室木おすしから重大発表！」,おすし、AVを買う。,2017-01-16,https://omocoro.heteml.net/radio/ariari/034/034.mp3,https://omocoro.jp/rensai/100210/
99867,Ari Ari,ありっちゃありアワー033「2017年、老いからあがく決意」,おすし、AVを買う。,2017-01-09,https://omocoro.heteml.net/radio/ariari/033/ari033.mp3,https://omocoro.jp/rensai/99867/
98586,Ari Ari,ありっちゃありアワー032「年忘れ！漫画朗読当てクイズ」,おすし、AVを買う。,2016-12-19,https://omocoro.heteml.net/radio/ariari/032/032.mp3,https://omocoro.jp/rensai/98586/
97683,Ari Ari,ありっちゃありアワー031「100人に追いかけられるAVの話」,おすし、AVを買う。,2016-12-12,https://omocoro.heteml.net/radio/ariari/031/031.mp3,https://omocoro.jp/rensai/97683/
97352,Ari Ari,ありっちゃありアワー030「一年間、カニの絵を描き続ける男」,ノリにノッたので、前回の続きからさらに散歩して収録しました。,2016-12-05,https://omocoro.heteml.net/radio/ariari/030/030.mp3,https://omocoro.jp/rensai/97352/
96848,Ari Ari,ありっちゃありアワー029「あり散歩　大岡山～洗足池公園」,ノリにノッたので、前回の続きからさらに散歩して収録しました。,2016-11-28,https://omocoro.heteml.net/radio/ariari/029/029.mp3,https://omocoro.jp/rensai/96848/
96060,Ari Ari,ありっちゃありアワー028「チャレンジ企画　あり散歩」,今回は散歩しながら収録してみました。あり散歩。,2016-11-21,https://omocoro.heteml.net/radio/ariari/028/028.mp3,https://omocoro.jp/rensai/96060/
95593,Ari Ari,ありっちゃありアワー027「忘れられた父親、おすし」,おすしが娘の愛を失った日。,2016-11-14,https://omocoro.heteml.net/radio/ariari/027/027.mp3,https://omocoro.jp/rensai/95593/
95291,Ari Ari,ありっちゃありアワー026「人生で本当の本当に買ってよかったものを発表」,人生をショートカットできるアイテムをお教えします。,2016-11-07,https://omocoro.heteml.net/radio/ariari/026/026.mp3,https://omocoro.jp/rensai/95291/
94886,Ari Ari,ありっちゃありアワー025「My first love」,35歳オーバーのオッサンが公園で初恋の話をしました。,2016-10-31,https://omocoro.heteml.net/radio/ariari/025/025.mp3,https://omocoro.jp/rensai/94886/
94371,Ari Ari,ありっちゃありアワー024「最初にホメられた記憶」,人は最初にホメられたもので調子に乗る。,2016-10-24,https://omocoro.heteml.net/radio/ariari/024/024.mp3,https://omocoro.jp/rensai/94371/
93903,Ari Ari,原宿・おすしのありっちゃありアワー第23回「嫌VRの世界」,VRは嫌な方向にもどんどん使われそう。,2016-10-17,https://omocoro.heteml.net/radio/ariari/023/023.mp3,https://omocoro.jp/rensai/93903/
93006,Ari Ari,原宿・おすしのありっちゃありアワー第22回「おすしのCM小説化クイズ」,おすしが急にCMを小説にしたクイズを出し始めました。,2016-10-10,https://omocoro.heteml.net/radio/ariari/022/022.mp3,https://omocoro.jp/rensai/93006/
92382,Ari Ari,原宿・おすしのありっちゃありアワー第21回「おすしのレーシックレディオ」,レーシック手術経験者が語ります。,2016-10-03,https://omocoro.heteml.net/radio/ariari/021/021.mp3,https://omocoro.jp/rensai/92382/
91596,Ari Ari,原宿・おすしのありっちゃありアワー第20回「リコーダーのオナクラ」,あったらいいな。,2016-09-26,https://omocoro.heteml.net/radio/ariari/020/020.mp3,https://omocoro.jp/rensai/91596/
91137,Ari Ari,原宿・おすしのありっちゃありアワー第19回「クソ事件リプレイ」,クソ事件を起こした人が生き残る道はなかったのかを考えます。,2016-09-19,https://omocoro.heteml.net/radio/ariari/019/019.mp3,https://omocoro.jp/rensai/91137/
90509,Ari Ari,原宿・おすしのありっちゃありアワー第18回「おすし考案・漫画朗読当てゲーム」,漫画のセリフだけで、その漫画が何か当てることは可能なのか？,2016-09-12,https://omocoro.heteml.net/radio/ariari/018/018.mp3,https://omocoro.jp/rensai/90509/
89738,Ari Ari,原宿・おすしのありっちゃありアワー第17回「最高のフードコートを考えろ」,最高のフードコートには何があるのか,2016-09-05,https://omocoro.heteml.net/radio/ariari/017/017.mp3,https://omocoro.jp/rensai/89738/
90010,Ari Ari,【スペシャルウィーク】みくのしん・原宿のシャッフルコンビラジオ,出会い／ウィキペディアおまかせ表示／太鼓の達人,2016-08-31,https://omocoro.heteml.net/radio/sp/haramiku.mp3,https://omocoro.jp/rensai/90010/
89981,Ari Ari,【スペシャルウィーク】室木おすし・恐山のシャッフルコンビラジオ,渋谷LOFT9にて行われた「オモコロラジオ祭」内の企画で誕生したシャッフルコンビによる一夜限定のラジオ！,2016-08-30,https://omocoro.heteml.net/radio/sp/osusirezan.mp3,https://omocoro.jp/rensai/89981/
89255,Ari Ari,原宿・おすしのありっちゃありアワー第16回「オモコロラジオ祭りはありっちゃあり」,ありっちゃありアワー解散の危機！？,2016-08-22,https://omocoro.heteml.net/radio/ariari/016/016.mp3,https://omocoro.jp/rensai/89255/
88569,Ari Ari,原宿・おすしのありっちゃありアワー第15回「ただのめちゃイケの感想の回」,めちゃイケ最高。,2016-08-15,https://omocoro.heteml.net/radio/ariari/015/015.mp3,https://omocoro.jp/rensai/88569/
88079,Ari Ari,原宿・おすしのありっちゃありアワー第14回「パチンコにハマるQちゃん」,マラソンの高橋尚子選手がパチンコにハマっているとのことです。,2016-08-08,https://omocoro.heteml.net/radio/ariari/014/014.mp3,https://omocoro.jp/rensai/88079/
87406,Ari Ari,原宿・おすしのありっちゃありアワー第13回「新メールコーナー『いる人』」,新メールコーナーを始めました、「いる」人。,2016-08-01,https://omocoro.heteml.net/radio/ariari/013/013.mp3,https://omocoro.jp/rensai/87406/
86729,Ari Ari,原宿・おすしのありっちゃありアワー第12回「貞子vs伽倻子はありっちゃあり」,貞子vs伽倻子を見ました,2016-07-25,https://omocoro.heteml.net/radio/ariari/012/012.mp3,https://omocoro.jp/rensai/86729/
85915,Ari Ari,原宿・おすしのありっちゃありアワー第11回「行きつけのバーを求めて　原宿編」,原宿が近所のバーに行きつけようとした記録です。,2016-07-18,https://omocoro.heteml.net/radio/ariari/011/ari011.mp3,https://omocoro.jp/rensai/85915/
85678,Ari Ari,原宿・おすしのありっちゃありアワー第10回「行きつけのバーを求めて　室木おすし編」,おすし一人でバーに行く。,2016-07-11,https://omocoro.heteml.net/radio/ariari/010/ari010.mp3,https://omocoro.jp/rensai/85678/
85088,Ari Ari,原宿・おすしのありっちゃありアワー第9回「35歳以降にクラブに行ってみるのはありっちゃあり」,おっさんとクラブ,2016-07-04,https://omocoro.heteml.net/radio/ariari/009/009.mp3,https://omocoro.jp/rensai/85088/
84698,Ari Ari,原宿・おすしのありっちゃありアワー008「行きつけの店を作るのはありっちゃあり」,大人なので行きつけの店が欲しいという話,2016-06-27,https://omocoro.heteml.net/radio/ariari/008/008.mp3,https://omocoro.jp/rensai/84698/
84188,Ari Ari,原宿・おすしのありっちゃありアワー007「10軽ペッティングで1セックスにするのもありっちゃあり」,,2016-06-20,https://omocoro.heteml.net/radio/ariari/007/007.mp3,https://omocoro.jp/rensai/84188/
83842,Ari Ari,原宿・おすしのありっちゃありアワー006「タモリさんが言ったら大体ありっちゃあり」,6回目にして初めてメールを読みます。,2016-06-13,https://omocoro.heteml.net/radio/ariari/006/006.mp3,https://omocoro.jp/rensai/83842/
83296,Ari Ari,原宿・おすしのありっちゃありアワー005「一人で桃鉄遊ぶのはありっちゃあり」,おすしの桃鉄のやり方が病的という話をしています,2016-06-06,https://omocoro.heteml.net/radio/ariari/005/005.mp3,https://omocoro.jp/rensai/83296/
82914,Ari Ari,原宿・おすしのありっちゃありアワー004「35歳はありっちゃあり」,第4回です。原宿が35歳になった所感を述べています。,2016-05-30,https://omocoro.heteml.net/radio/ariari/004/004.mp3,https://omocoro.jp/rensai/82914/
82004,Ari Ari,原宿・おすしのありっちゃありアワー002「ゴルフはありっちゃあり」,ゴルフの連載を持っているおすしと、ゴルフが嫌いな原宿。,2016-05-16,https://omocoro.heteml.net/radio/ariari/002/002.mp3,https://omocoro.jp/rensai/82004/
80566,Ari Ari,原宿・おすしのありっちゃありアワー001「どっちつかずのラジオが始まりました」,オモコロのラジオ番組が増えました。,2016-05-09,https://omocoro.heteml.net/radio/ariari/001/001.mp3,https://omocoro.jp/rensai/80566/
412151,Ari Ari,ありっちゃありスパーク・梵025「人生を感じるあの事件/ラプトル噛まれ事件」,相席食堂おもしろすぎ問題,2023-08-21,https://omocoro.heteml.net/radio/aribon/025/bon025.mp3,https://omocoro.jp/radio/412151/
