,channel,title,description,pub_date,mp3_url,article_url
1689471,MNF,【001】山口むつおとモンゴルナイフのモンゴルナイトフィーバー,会社の上司と部下で突然ラジオを始めることになりました。,2019-03-12 00:00:01,https://omocoro.heteml.net/radio/mongol/002/002.mp3,https://omocoro.jp/radio/168947/
1695491,MNF,【002】山口むつおとモンゴルナイフのモンゴルナイトフィーバー / シナモンロールと日サロ体験,日サロでアイツらに太陽を見せてやろう！,2019-03-19 00:00:01,https://omocoro.heteml.net/radio/mongol/003/mimimi003.mp3,https://omocoro.jp/radio/169549/
1698641,MNF,【003】山口むつおとモンゴルナイフのモンゴルナイトフィーバー / 人間不信とギャルと海の話,エモい話しをしています。,2019-03-26 00:00:01,https://omocoro.heteml.net/radio/mongol/004/004mo.mp3,https://omocoro.jp/radio/169864/
1715031,MNF,【004】山口むつおとモンゴルナイフのモンゴルナイトフィーバー / 犬夜叉について話そう,土曜日に引っ越しました！,2019-04-13 00:00:01,https://omocoro.heteml.net/radio/mongol/005/momo004.mp3,https://omocoro.jp/radio/171503/
1730581,MNF,【005】山口むつおとモンゴルナイフのモンゴルナイトフィーバー / すごいオーラを放つ肉の塊,みんなはGW何するの・・・？,2019-04-27 00:00:01,https://omocoro.heteml.net/radio/mongol/006/006.mp3,https://omocoro.jp/radio/173058/
1739971,MNF,【006】ラジオ・モンゴルナイトフィーバー 「GWと地獄のカフェイン断ち」,天国と地獄のGWです。,2019-05-11 00:00:01,https://omocoro.heteml.net/radio/mongol/007/momomoe.mp3,https://omocoro.jp/radio/173997/
1763481,MNF,【007】ラジオ・モンゴルナイトフィーバー 「素敵な週末とドンケツと」,今回は週末の過ごし方と、「おすすめしたい漫画・アニメ」にいただいたお便りをご紹介しつつ、何故か怪談を話ています。,2019-05-25 00:00:01,https://omocoro.heteml.net/radio/mongol/008/kyou24.mp3,https://omocoro.jp/radio/176348/
1781231,MNF,【008】ラジオ・モンゴルナイトフィーバー 「恋愛相談が来た（自主規制多め）」,今回は自主規制多めの恋愛相談です。,2019-06-08 00:00:01,https://omocoro.heteml.net/radio/mongol/009/666.mp3,https://omocoro.jp/radio/178123/
1797211,MNF,【009】ラジオ・モンゴルナイトフィーバー 「ヤンキー漫画とヌーディストビーチ」,モンゴルナイフが新婚旅行へ。気をつけていってらっしゃい。,2019-06-22 00:00:01,https://omocoro.heteml.net/radio//mongol/010/010.mp3,https://omocoro.jp/radio/179721/
1823861,MNF,【010】ラジオ・モンゴルナイトフィーバー 「スペインで生肉を貪る女」,モンゴルナイフが新婚旅行から帰ってきた！,2019-07-06 00:00:01,https://omocoro.heteml.net/radio//mongol/011/011.mp3,https://omocoro.jp/radio/182386/
1843871,MNF,【011】ラジオ・モンゴルナイトフィーバー 「恋は○○の送り合いじゃない」,本日は恋愛相談のメールに答えます。,2019-07-20 00:00:01,https://omocoro.heteml.net/radio//mongol/012/012.mp3,https://omocoro.jp/radio/184387/
1870411,MNF,【012】ラジオ・モンゴルナイトフィーバー 「クイズ☆宗像教授異考録」,山口おすすめの漫画「宗像教授異考録」のクイズ、君は何問解けるかな？！,2019-08-03 00:00:01,https://omocoro.heteml.net/radio//mongol/012_t/012_t.mp3,https://omocoro.jp/radio/187041/
1904551,MNF,【013】ラジオ・モンゴルナイトフィーバー 【緊急ゲスト】オモコロライター・ヤスミノ,山口さんとスケジュールが合わないので急遽、オモコロライターのヤスミノさんと真剣におしゃれについて話しています。,2019-08-17 00:00:01,https://omocoro.heteml.net/radio//mongol/013/yasumino.mp3,https://omocoro.jp/radio/190455/
1926891,MNF,【014】ラジオ・モンゴルナイトフィーバー 【オモコロ合宿の思い出】,今回は、オモコロライターのヤスミノさんとオモコロ合宿の記憶を呼び覚ましています。,2019-08-31 00:00:01,https://omocoro.heteml.net/radio//mongol/014/gassyunoomoide.mp3,https://omocoro.jp/radio/192689/
1955721,MNF,【015】ラジオ・モンゴルナイトフィーバー 「帰ってきた山口」,最近留守にしていた山口が帰ってきました,2019-09-14 00:00:01,https://omocoro.heteml.net/radio//mongol/015/shi.mp3,https://omocoro.jp/radio/195572/
1978481,MNF,【016】ラジオ・モンゴルナイトフィーバー 「靴の話をしていたはずなのに」,靴の話をしていたはずが、どんどん脱線していく……,2019-09-28 00:00:01,https://omocoro.heteml.net/radio//mongol/016/20190928.mp3,https://omocoro.jp/radio/197848/
2001321,MNF,【017】ラジオ・モンゴルナイトフィーバー 「iPhone11 Proで本当にやりたいこととは」,大人の階段を登っていこうじゃないの……,2019-10-12 00:00:01,https://omocoro.heteml.net/radio//mongol/017/iphone.mp3,https://omocoro.jp/radio/200132/
2027131,MNF,【018】ラジオ・モンゴルナイトフィーバー 「時を超えるクロムハーツ/流行れ””凶ポーズ””」,クロムハーツって欲しくないですか？,2019-10-26 00:00:01,https://omocoro.heteml.net/radio//mongol/018/00018.mp3,https://omocoro.jp/radio/202713/
2057351,MNF,【019】ラジオ・モンゴルナイトフィーバー 「健康を憎む」,健康？は？,2019-11-09 00:00:01,https://omocoro.heteml.net/radio//mongol/019/20191108.mp3,https://omocoro.jp/radio/205735/
2084641,MNF,【020】ラジオ・モンゴルナイトフィーバー 「HARAJUKU and MEXICO FEVER」,原宿のクロムハーツに行ってテンションが上がっている2人です。,2019-11-23 00:00:01,https://omocoro.heteml.net/radio//mongol/020/191118_0073.mp3,https://omocoro.jp/radio/208464/
2106151,MNF,【021】ラジオ・モンゴルナイトフィーバー 「苦いカレーと、思い出のホワイトアウト」,突然苦いカレーが食べたくなった2人。,2019-12-07 00:00:01,https://omocoro.heteml.net/radio//mongol/021/191205_0080.mp3,https://omocoro.jp/radio/210615/
2127591,MNF,【022】ラジオ・モンゴルナイトフィーバー 「年末特番！『本物の狂気』」,世界の終わり。,2019-12-21 00:00:01,https://omocoro.heteml.net/radio//mongol/022/radio.mp3,https://omocoro.jp/radio/212759/
2147631,MNF,【023】ラジオ・モンゴルナイトフィーバー 「年始のご挨拶」,世界の終わり。,2020-01-18 00:00:01,https://omocoro.heteml.net/radio//mongol/023/023.mp3,https://omocoro.jp/radio/214763/
2176161,MNF,【024】ラジオ・モンゴルナイトフィーバー 「もう下ネタラジオなんてしないなんて言わないよ絶対」,猛省しております。,2020-02-01 00:00:01,https://omocoro.heteml.net/radio//mongol/024/024.mp3,https://omocoro.jp/radio/217616/
2202651,MNF,【025】ラジオ・モンゴルナイトフィーバー 「感性がマイルドヤンキーなんすわ」,WEBメディアのライターにあるまじき感性の2人。,2020-02-15 00:00:01,https://omocoro.heteml.net/radio//mongol/025/025.mp3,https://omocoro.jp/radio/220265/
2217441,MNF,【026】ラジオ・モンゴルナイトフィーバー 「記憶がない!!」,マジの雑談回です。,2020-02-29 00:00:01,https://omocoro.heteml.net/radio//mongol/026/20200227.mp3,https://omocoro.jp/radio/221744/
2237821,MNF,【027】ラジオ・モンゴルナイトフィーバー 「スーパーダラダラダベり会」,通り過ぎた日々のことを想うと胸が熱くなるんだね,2020-03-14 00:00:01,https://omocoro.heteml.net/radio/mongol/027/20200311.mp3,https://omocoro.jp/radio/223782/
2259061,MNF,【028】ラジオ・モンゴルナイトフィーバー 「お便りの内容に怒るけど最終的にはおさまってチャンチャンになるラジオ」,オレたちは何に付き合わされたんだ,2020-03-28 00:00:01,https://omocoro.heteml.net/radio/mongol/028/20200328.mp3,https://omocoro.jp/radio/225906/
2268451,MNF,【029】ラジオ・モンゴルナイトフィーバー 「みんな家で何してる？？」,コロナウイルスの影響をうけて、リモートでお送りいたします。,2020-04-11 00:00:01,https://omocoro.heteml.net/radio/mongol/029/20200404.mp3,https://omocoro.jp/radio/226845/
2300341,MNF,【030】ラジオ・モンゴルナイトフィーバー 「結婚式をプロデュース」,理想の結婚式、挙げたいよね。,2020-04-25 00:00:01,https://omocoro.heteml.net/radio/mongol/030/20200425.mp3,https://omocoro.jp/radio/230034/
2319561,MNF,【031】ラジオ・モンゴルナイトフィーバー 「ラジオの最後に下ネタが旦那にバレる回」,聞こえてた。,2020-05-09 00:00:01,https://omocoro.heteml.net/radio/mongol/031/20200509.mp3,https://omocoro.jp/radio/231956/
2338651,MNF,【032】ラジオ・モンゴルナイトフィーバー 「梨泰院クラスの紹介をさせてください（※序盤ネタバレあり）」,みんな、梨泰院クラス見てる〜〜？？？？,2020-05-23 00:00:01,https://omocoro.heteml.net/radio/mongol/032/20200522.mp3,https://omocoro.jp/radio/233865/
2362931,MNF,【033】ラジオ・モンゴルナイトフィーバー 「嘘の雑学祭り」,今日は嘘の雑学回です。,2020-06-06 00:00:01,https://omocoro.heteml.net/radio/mongol/033/20200606.mp3,https://omocoro.jp/radio/236293/
2381301,MNF,【034】ラジオ・モンゴルナイトフィーバー 「お便りに答える回」,ちゃんとお返事をしよう。,2020-06-20 00:00:01,https://omocoro.heteml.net/radio/mongol/034/20200620.mp3,https://omocoro.jp/radio/238130/
2400411,MNF,【035】ラジオ・モンゴルナイトフィーバー 「王様のブランチを目指す」,王様のブランチ、目指してたよね？,2020-07-04 00:00:01,https://omocoro.heteml.net/radio/mongol/035/20200704.mp3,https://omocoro.jp/radio/240041/
2414171,MNF,【036】ラジオ・モンゴルナイトフィーバー 「あの記事の舞台裏」,あの記事の制作裏側について語ります。,2020-07-18 00:00:01,https://omocoro.heteml.net/radio/mongol/036/20200718.mp3,https://omocoro.jp/radio/241417/
2442721,MNF,【037】ラジオ・モンゴルナイトフィーバー 「運命のルーレット廻して」,ルーレットに話すことを全部決めてもらいました,2020-08-01 00:00:01,https://omocoro.heteml.net/radio/mongol/037/mon068.mp3,https://omocoro.jp/radio/244272/
2471971,MNF,【038】ラジオ・モンゴルナイトフィーバー 「元の人格が消えてゆく」,モンゴルナイフの元の人格が消えていっているそうです。,2020-08-15 00:00:01,https://omocoro.heteml.net/radio/mongol/038/20200815.mp3,https://omocoro.jp/radio/247197/
2492581,MNF,【039】ラジオ・モンゴルナイトフィーバー 「占い信じてる？」,君は信じるか？！,2020-08-29 00:00:01,https://omocoro.heteml.net/radio/mongol/039/0829.mp3,https://omocoro.jp/radio/249258/
2515171,MNF,【040】ラジオ・モンゴルナイトフィーバー 「改名」,君は信じるか？！,2020-09-12 00:00:01,https://omocoro.heteml.net/radio/mongol/040/20200912.mp3,https://omocoro.jp/radio/251517/
2530641,MNF,【041】ラジオ・モンゴルナイトフィーバー 「人間ドック・バリウム事件」,人間ドックで人間の尊厳を失う話,2020-09-26 00:00:01,https://omocoro.heteml.net/radio/mongol/041/20200926.mp3,https://omocoro.jp/radio/253064/
2550841,MNF,【042】ラジオ・モンゴルナイトフィーバー 「山口の改名」,みんな、改名案のお便りありがとう！,2020-10-10 00:00:01,https://omocoro.heteml.net/radio/mongol/042/20201010.mp3,https://omocoro.jp/radio/255084/
2568121,MNF,【043】ラジオ・モンゴルナイトフィーバー 「健康診断とカブトムシの死」,また死のラジオになっちゃった,2020-10-24 00:00:01,https://omocoro.heteml.net/radio/mongol/043/20201024.mp3,https://omocoro.jp/radio/256812/
2587131,MNF,【044】ラジオ・モンゴルナイトフィーバー 「ファッションに疎いかまどに服を贈ろう」,同年代の3人組が集合！,2020-11-07 00:00:01,https://omocoro.heteml.net/radio/mongol/044/20201107.mp3,https://omocoro.jp/radio/258713/
2609181,MNF,【045】ラジオ・モンゴルナイトフィーバー 「尻を通過したカミソリ」,脱毛での話です。,2020-11-21 00:00:01,https://omocoro.heteml.net/radio/mongol/045/20201121.mp3,https://omocoro.jp/radio/260918/
2627521,MNF,【046】ラジオ・モンゴルナイトフィーバー 「2021年に向けて生まれ変わろう」,2021年、私達は生まれ変わる……,2020-12-05 00:00:01,https://omocoro.heteml.net/radio/mongol/046/20201205.mp3,https://omocoro.jp/radio/262752/
2661371,MNF,【047】ラジオ・モンゴルナイトフィーバー 「今年の印象に残ったことBEST3」,今年、何したっけ？,2020-12-19 00:00:01,https://omocoro.heteml.net/radio/mongol/047/20201219.mp3,https://omocoro.jp/radio/266137/
2690391,MNF,【048】ラジオ・モンゴルナイトフィーバー 「新春！GERIラジオ」,今年こそはお役立ち情報を発信するぞ！！！,2021-01-09 00:00:01,https://omocoro.heteml.net/radio/mongol/048/20210109.mp3,https://omocoro.jp/radio/269039/
2702461,MNF,【049】ラジオ・モンゴルナイトフィーバー 「超・めっちゃ・感じ～の新しい言い回しを考えよう！」,鬼は恐ろしい！,2021-01-23 00:00:01,https://omocoro.heteml.net/radio/mongol/049/20210123.mp3,https://omocoro.jp/radio/270246/
2721921,MNF,【050】ラジオ・モンゴルナイトフィーバー 「昔つけられたヒドいあだ名を教えてよ」,40回記念…？,2021-02-06 00:00:01,https://omocoro.heteml.net/radio/mongol/050/20210206.mp3,https://omocoro.jp/radio/272192/
2743871,MNF,【051】ラジオ・モンゴルナイトフィーバー 「小さい事件を言い合おう」,最近起こった、小さい事件をいくつか言うよ,2021-02-20 00:00:01,https://omocoro.heteml.net/radio/mongol/051/20210220.mp3,https://omocoro.jp/radio/274387/
2774631,MNF,【052】ラジオ・モンゴルナイトフィーバー 「尻祭り」,尻、尻、尻祭り！,2021-03-06 00:00:01,https://omocoro.heteml.net/radio/mongol/052/20210306.mp3,https://omocoro.jp/radio/277463/
2796991,MNF,【053】ラジオ・モンゴルナイトフィーバー 「さつまいもにハマるヤバい奴」,なぜ「便」の固さを知っているのか？,2021-03-20 00:00:01,https://omocoro.heteml.net/radio/mongol/053/20210320.mp3,https://omocoro.jp/radio/279699/
2817581,MNF,【054】ラジオ・モンゴルナイトフィーバー 「毎週更新になります！」,毎週更新になります！よろしくね！,2021-04-03 00:00:01,https://omocoro.heteml.net/radio/mongol/054/20210403.mp3,https://omocoro.jp/radio/281758/
2828841,MNF,【055】ラジオ・モンゴルナイトフィーバー 「会話断絶運転とどエグいおとぎ話」,毎週更新に体を慣らさないと・・・,2021-04-10 00:00:01,https://omocoro.heteml.net/radio/mongol/055/20210410.mp3,https://omocoro.jp/radio/282884/
2837731,MNF,【056】ラジオ・モンゴルナイトフィーバー 「確定申告パニック！大奇声スペシャル」,ギリギリで生きることへの弊害はすごい,2021-04-17 00:00:01,https://omocoro.heteml.net/radio/mongol/056/20210417.mp3,https://omocoro.jp/radio/283773/
2848891,MNF,【057】ラジオ・モンゴルナイトフィーバー 「イベントがあるって！？」,スーパーでかでかカントリーマウムを食べての感想,2021-04-24 00:00:01,https://omocoro.heteml.net/radio/mongol/057/20210424.mp3,https://omocoro.jp/radio/284889/
2857941,MNF,【058】ラジオ・モンゴルナイトフィーバー 「タバスコの社長が会社に来た / お便りを読む」,今回はお便りも読みます。,2021-05-01 00:00:01,https://omocoro.heteml.net/radio/mongol/058/20210501.mp3,https://omocoro.jp/radio/285794/
2869541,MNF,【059】ラジオ・モンゴルナイトフィーバー 「GWメモリー〜2つのペイン〜」,GW、みんなは何して過ごした？？山口は2つの痛みを感じ、モンゴルナイフは流星のような少年達を見たぞ！,2021-05-08 00:00:01,https://omocoro.heteml.net/radio/mongol/059/20210508.mp3,https://omocoro.jp/radio/286954/
2879271,MNF,【060】ラジオ・モンゴルナイトフィーバー 「タイムリープする悟空」,おめぇ、タイムリープしてねえか！？,2021-05-15 00:00:01,https://omocoro.heteml.net/radio/mongol/060/20210515.mp3,https://omocoro.jp/radio/287927/
2886801,MNF,【061】ラジオ・モンゴルナイトフィーバー 「ヤスミノスーパー歓迎会・鰻の寝床」,ヤスミノさレギュラーになりました！,2021-05-22 00:00:01,https://omocoro.heteml.net/radio/mongol/061/20210522.mp3,https://omocoro.jp/radio/288680/
2905041,MNF,【062】ラジオ・モンゴルナイトフィーバー 「搾りたて＆悔しンボのコーナー」,新コーナー始まる！？,2021-05-29 00:00:01,https://omocoro.heteml.net/radio/mongol/062/20210529.mp3,https://omocoro.jp/radio/290504/
2912481,MNF,【063】ラジオ・モンゴルナイトフィーバー 「そうか？気持ちだけ森へ行こう！」,野生の春樹を探しに行こう！,2021-06-05 00:00:01,https://omocoro.heteml.net/radio/mongol/063/20210605.mp3,https://omocoro.jp/radio/291248/
2925651,MNF,【064】ラジオ・モンゴルナイトフィーバー 「本当のことを知る必要ってあるのか？スーパー議論」,教えなくてもいいことはこの世にはある！？,2021-06-12 00:00:01,https://omocoro.heteml.net/radio/mongol/064/20210612.mp3,https://omocoro.jp/radio/292565/
2939361,MNF,【065】ラジオ・モンゴルナイトフィーバー 「山口不在・とっ散らかりの夜」,ヤスミノさん、鬼と付き合ったら角を研いであげるらしい,2021-06-19 00:00:01,https://omocoro.heteml.net/radio/mongol/065/20210619.mp3,https://omocoro.jp/radio/293936/
2947641,MNF,【066】ラジオ・モンゴルナイトフィーバー 「もっと色んなラジオに出たい！and 悔しンボのコーナー」,ぐやじいぃ〜〜〜〜〜!!!!!!!!!,2021-06-26 00:00:01,https://omocoro.heteml.net/radio/mongol/066/20210626.mp3,https://omocoro.jp/radio/294764/
2958061,MNF,【067】ラジオ・モンゴルナイトフィーバー 「会社ミステリー・バナナの話」,この謎が君に解けるか・・・？,2021-07-03 00:00:01,https://omocoro.heteml.net/radio/mongol/067/20210703.mp3,https://omocoro.jp/radio/295806/
2967721,MNF,【068】ラジオ・モンゴルナイトフィーバー 「カントリーマアム食べる会・千葉のびわ」,カントリーマアムだぁいすき！,2021-07-10 00:00:01,https://omocoro.heteml.net/radio/mongol/068/20210710.mp3,https://omocoro.jp/radio/296772/
2986111,MNF,【069】ラジオ・モンゴルナイトフィーバー 「山口むつおと死の箱」,出た！「死の箱」！,2021-07-17 00:00:01,https://omocoro.heteml.net/radio/mongol/069/20210717.mp3,https://omocoro.jp/radio/298611/
3004251,MNF,【070】ラジオ・モンゴルナイトフィーバー 「世紀の大事件！週末悲鳴ナイト」,大大大大大大大大大大大大大大大大大大事件,2021-07-24 00:00:01,https://omocoro.heteml.net/radio/mongol/070/20210724.mp3,https://omocoro.jp/radio/300425/
3014901,MNF,【071】ラジオ・モンゴルナイトフィーバー 「パワーの拮抗＆いないいないばあっ!クイズ」,みんな大好きなクイズの時間！,2021-07-31 00:00:01,https://omocoro.heteml.net/radio/mongol/071/20210731.mp3,https://omocoro.jp/radio/301490/
3027071,MNF,【072】ラジオ・モンゴルナイトフィーバー 「ブレーキなし！嘘嘘パーティー」,俺たちは止まらねえぞ！,2021-08-07 00:00:01,https://omocoro.heteml.net/radio/mongol/072/20210807.mp3,https://omocoro.jp/radio/302707/
3034291,MNF,【073】ラジオ・モンゴルナイトフィーバー 「少しの痛みを抱えて光だす/セクシーやろがい♡」,仕組みのラジオ始まります！,2021-08-14 00:00:01,https://omocoro.heteml.net/radio/mongol/073/20210814.mp3,https://omocoro.jp/radio/303429/
3043351,MNF,【074】ラジオ・モンゴルナイトフィーバー 「徹底ホンネ討論！上るって何！？」,その◎◎◎待った！！！！！！！,2021-08-21 00:00:01,https://omocoro.heteml.net/radio/mongol/074/074.mp3,https://omocoro.jp/radio/304335/
3056721,MNF,【075】ラジオ・モンゴルナイトフィーバー 「夏の4大ニュース発表」,何かの前触れで同時多発にみんなのサボテンが！？,2021-08-28 00:00:01,https://omocoro.heteml.net/radio/mongol/075/20210828.mp3,https://omocoro.jp/radio/305672/
3066361,MNF,【076】ラジオ・モンゴルナイトフィーバー 「猫耳オートミールプレゼン！」,4人でやってるラジオ！,2021-09-04 00:00:01,https://omocoro.heteml.net/radio/mongol/076/20210904.mp3,https://omocoro.jp/radio/306636/
3079461,MNF,【077】ラジオ・モンゴルナイトフィーバー 「元気が出ないときのage方」,グッズがたくさん発売されるぜ！,2021-09-11 00:00:01,https://omocoro.heteml.net/radio/mongol/077/20210911.mp3,https://omocoro.jp/radio/307946/
3090871,MNF,【078】ラジオ・モンゴルナイトフィーバー 「冥府の入口の番犬ケンべンス」,グッズがたくさん発売されるぜ！,2021-09-18 00:00:01,https://omocoro.heteml.net/radio/mongol/078/20210918.mp3,https://omocoro.jp/radio/309087/
3097811,MNF,【079】ラジオ・モンゴルナイトフィーバー 「トンボの魂はどこへいく？」,本編までが遠すぎる話を君は聞ききれるか！？,2021-09-25 00:00:01,https://omocoro.heteml.net/radio/mongol/079/20210925.mp3,https://omocoro.jp/radio/309781/
3109761,MNF,【080】ラジオ・モンゴルナイトフィーバー 「寄生獣に寄生されてもギリOKそうなところ」,おれ・・・はぐき・・・失敗・・・,2021-10-02 00:00:01,https://omocoro.heteml.net/radio/mongol/080/20211002.mp3,https://omocoro.jp/radio/310976/
3121451,MNF,【081】ラジオ・モンゴルナイトフィーバー 「新鮮なApple Watchください！」,苦節２年ついにApple Watchが！？,2021-10-09 00:00:01,https://omocoro.heteml.net/radio/mongol/081/20211009.mp3,https://omocoro.jp/radio/312145/
3129631,MNF,【082】ラジオ・モンゴルナイトフィーバー 「カマキリって存在する？！」,カマキリって刃牙の・・・？,2021-10-16 00:00:01,https://omocoro.heteml.net/radio/mongol/082/20211016.mp3,https://omocoro.jp/radio/312963/
3146771,MNF,【083】ラジオ・モンゴルナイトフィーバー 「熊のモンスターと花の慶次クイズ」,みんなで一緒に考えよう！,2021-10-23 00:00:01,https://omocoro.heteml.net/radio/mongol/083/20211023.mp3,https://omocoro.jp/radio/314677/
3162861,MNF,【084】ラジオ・モンゴルナイトフィーバー 「眉メイクと米粉パンに人生を狂わされる人」,「出会わない方が良かったんじゃないかと思うんです」,2021-10-30 00:00:01,https://omocoro.heteml.net/radio/mongol/084/20211030.mp3,https://omocoro.jp/radio/316286/
3172601,MNF,【085】ラジオ・モンゴルナイトフィーバー 「働く車の動画をループし続ける」,ツッコミ上手になりたいの！,2021-11-06 00:00:01,https://omocoro.heteml.net/radio/mongol/085/20211106.mp3,https://omocoro.jp/radio/317260/
3181671,MNF,【086】ラジオ・モンゴルナイトフィーバー 「拝啓ブルーノマーズさんへ」,遅効性の毒が！？,2021-11-13 00:00:01,https://omocoro.heteml.net/radio/mongol/086/20211113.mp3,https://omocoro.jp/radio/318167/
3190801,MNF,【087】ラジオ・モンゴルナイトフィーバー 「ぼかぁ幸せだなぁ」,月蝕の夜に,2021-11-20 00:00:01,https://omocoro.heteml.net/radio/mongol/087/20211120.mp3,https://omocoro.jp/radio/319080/
3206641,MNF,【088】ラジオ・モンゴルナイトフィーバー 「お正月もちスケジュール発表しちゃう」,餅〜〜〜〜〜〜〜！,2021-11-27 00:00:01,https://omocoro.heteml.net/radio/mongol/088/20211127.mp3,https://omocoro.jp/radio/320664/
3218001,MNF,【089】ラジオ・モンゴルナイトフィーバー 「お寿司の試食会に行っちゃった」,モンフィーをよろしくね,2021-12-04 00:00:01,https://omocoro.heteml.net/radio/mongol/089/20211204.mp3,https://omocoro.jp/radio/321800/
3227791,MNF,【090】ラジオ・モンゴルナイトフィーバー 「イーーーー！！！！」,あの事件がふたたび！,2021-12-11 00:00:01,https://omocoro.heteml.net/radio/mongol/090/20211211.mp3,https://omocoro.jp/radio/322779/
3232941,MNF,【091】ラジオ・モンゴルナイトフィーバー 「ひどすぎ事件！汚注意やね」,こんな事件が起きていいんですか？？？？？？,2021-12-18 00:00:01,https://omocoro.heteml.net/radio/mongol/091/20211218.mp3,https://omocoro.jp/radio/323294/
3249011,MNF,【092】ラジオ・モンゴルナイトフィーバー 「クリプレ交換と今年の事件振り返り」,メリークリスマス！,2021-12-25 00:00:01,https://omocoro.heteml.net/radio/mongol/092/20211225.mp3,https://omocoro.jp/radio/324901/
3257561,MNF,【093】ラジオ・モンゴルナイトフィーバー 「2022年と世間知らずのお殿様」,あけおめ！,2022-01-01 00:00:01,https://omocoro.heteml.net/radio/mongol/093/20220101.mp3,https://omocoro.jp/radio/325756/
3263041,MNF,【094】ラジオ・モンゴルナイトフィーバー 「ハズレ回」,正月ボケがすごい,2022-01-08 00:00:01,https://omocoro.heteml.net/radio/mongol/094/20220108.mp3,https://omocoro.jp/radio/326304/
3272671,MNF,【095】ラジオ・モンゴルナイトフィーバー 「朝に強い山口、猛威を振るう」,スーパー絶好調☆☆☆☆☆☆,2022-01-15 00:00:01,https://omocoro.heteml.net/radio/mongol/095/20220115.mp3,https://omocoro.jp/radio/327267/
3277631,MNF,【096】ラジオ・モンゴルナイトフィーバー 「お便りを読もうの段１」,みなさんいつもお便りありがとうございます！,2022-01-22 00:00:01,https://omocoro.heteml.net/radio/mongol/096/20220122.mp3,https://omocoro.jp/radio/327763/
3284921,MNF,【097】ラジオ・モンゴルナイトフィーバー 「うちらも100の質問をやってみよう」,脱線しないで最後までいけるか・・・？,2022-01-29 00:00:01,https://omocoro.heteml.net/radio/mongol/097/20220129.mp3,https://omocoro.jp/radio/328492/
3299361,MNF,【099】ラジオ・モンゴルナイトフィーバー 「野球しようぜ！」,猫大戦争始まる,2022-02-12 00:00:01,https://omocoro.heteml.net/radio/mongol/099/20220212.mp3,https://omocoro.jp/radio/329936/
3311341,MNF,【099.5】ラジオ・モンゴルナイトフィーバー 「一口ちょうだい♪」,山口さんがいませんが・・・,2022-02-19 00:00:01,https://omocoro.heteml.net/radio/mongol/099_5/20220219.mp3,https://omocoro.jp/radio/331134/
3320051,MNF,【099.9】ラジオ・モンゴルナイトフィーバー 「花束みてぇな恋」,クラスメイトからのお便り回,2022-02-26 00:00:01,https://omocoro.heteml.net/radio/mongol/099_9/20220226.mp3,https://omocoro.jp/radio/332005/
3335111,MNF,【100】ラジオ・モンゴルナイトフィーバー 「記念動画！思い出話が花」,ついに100回！みなさんありがとう！,2022-03-05 00:00:01,https://omocoro.heteml.net/radio/mongol/100/20220305.mp3,https://omocoro.jp/radio/333511/
3344641,MNF,【101】ラジオ・モンゴルナイトフィーバー 「春は芯棒（しんぼう）が痒くなる」,愛と知っていたのに,2022-03-12 00:00:01,https://omocoro.heteml.net/radio/mongol/101/20220312.mp3,https://omocoro.jp/radio/334464/
3362311,MNF,【102】ラジオ・モンゴルナイトフィーバー 「俺たちゃ寄生獣が好きすぎる」,サーモンを2キロ買った！,2022-03-19 00:00:01,https://omocoro.heteml.net/radio/mongol/102/20220319.mp3,https://omocoro.jp/radio/336231/
3371711,MNF,【103】ラジオ・モンゴルナイトフィーバー 「チーズが一番おもしろい時期がある」,3月のお便り回だよ！,2022-03-26 00:00:01,https://omocoro.heteml.net/radio/mongol/103/20220326.mp3,https://omocoro.jp/radio/337171/
3381451,MNF,【104】ラジオ・モンゴルナイトフィーバー 「山口さんへのただ一つのお願い」,右肩に紫蝶々,2022-04-02 00:00:01,https://omocoro.heteml.net/radio/mongol/104/20220402.mp3,https://omocoro.jp/radio/338145/
3394121,MNF,【105】ラジオ・モンゴルナイトフィーバー 「左官屋さん再び」,DJってどうやるの！？,2022-04-09 00:00:01,https://omocoro.heteml.net/radio/mongol/105/20220409.mp3,https://omocoro.jp/radio/339412/
3401091,MNF,【106】ラジオ・モンゴルナイトフィーバー 「ゴールデンカムイの話をしよう」,最後まで走り切るぞ！,2022-04-16 00:00:01,https://omocoro.heteml.net/radio/mongol/106/20220416.mp3,https://omocoro.jp/radio/340109/
3412981,MNF,【107】ラジオ・モンゴルナイトフィーバー 「すごい花が咲くかもしれないのにーー！」,イヤーーーーー！咲くーーーー！,2022-04-23 00:00:01,https://omocoro.heteml.net/radio/mongol/107/20220423.mp3,https://omocoro.jp/radio/341298/
3421611,MNF,【108】ラジオ・モンゴルナイトフィーバー 「有識者の人ならすぐオチがわかってしまう」,ゴールデンウィークだ！,2022-04-30 00:00:01,https://omocoro.heteml.net/radio/mongol/108/20220430.mp3,https://omocoro.jp/radio/342161/
3431401,MNF,【109】ラジオ・モンゴルナイトフィーバー 「ニトリの奥に宮殿がある！」,ゴールデンウィークなにしてた？！,2022-05-07 00:00:01,https://omocoro.heteml.net/radio/mongol/109/20220507.mp3,https://omocoro.jp/radio/343140/
3441481,MNF,【110】ラジオ・モンゴルナイトフィーバー 「ヘアスタイルが気に入らない！」,グッズがたくさん発売だ〜〜〜！,2022-05-14 00:00:01,https://omocoro.heteml.net/radio/mongol/110/20220514revised.mp3,https://omocoro.jp/radio/344148/
3453111,MNF,【111】ラジオ・モンゴルナイトフィーバー 「ゴリラの怪盗団現る！」,俺たちが怪盗団になったら・・・？,2022-05-21 00:00:01,https://omocoro.heteml.net/radio/mongol/111/20220521.mp3,https://omocoro.jp/radio/345311/
3462921,MNF,【112】ラジオ・モンゴルナイトフィーバー 「山口の歯のクイズ始まるよ」,俺たちが怪盗団になったら・・・？,2022-05-28 00:00:01,https://omocoro.heteml.net/radio/mongol/112/20220528.mp3,https://omocoro.jp/radio/346292/
3470751,MNF,【113】ラジオ・モンゴルナイトフィーバー 「大騒ぎドライブ伝説」,ロケの帰りの車で、テンションが上がってしまったモンゴルナイフは・・・,2022-06-04 00:00:01,https://omocoro.heteml.net/radio/mongol/113/20220604.mp3,https://omocoro.jp/radio/347075/
3481231,MNF,【SORRY】ラジオ・モンゴルナイトフィーバー 「全員欠席」,全員欠席してしまいました,2022-06-11 00:00:01,https://omocoro.heteml.net/radio/mongol/sorry/20220611.mp3,https://omocoro.jp/radio/348123/
3492821,MNF,【114】ラジオ・モンゴルナイトフィーバー 「寝坊した朝は弾丸になる」,トップスピードだ！,2022-06-18 00:00:01,https://omocoro.heteml.net/radio/mongol/114/20220618.mp3,https://omocoro.jp/radio/349282/
3498411,MNF,【115】ラジオ・モンゴルナイトフィーバー 「心に問いかける中華料理店」,開きたいよね、心,2022-06-25 00:00:01,https://omocoro.heteml.net/radio/mongol/115/20220625.mp3,https://omocoro.jp/radio/349841/
3511011,MNF,【116】ラジオ・モンゴルナイトフィーバー 「右肩のカナブン」,強い孤独を感じるとき、それは,2022-07-02 00:00:01,https://omocoro.heteml.net/radio/mongol/116/20220702.mp3,https://omocoro.jp/radio/351101/
3519951,MNF,【117】ラジオ・モンゴルナイトフィーバー 「山口のお腹が蠢く夜」,今週こそお便り回！,2022-07-09 00:00:01,https://omocoro.heteml.net/radio/mongol/117/20220709.mp3,https://omocoro.jp/radio/351995/
3530181,MNF,【118】ラジオ・モンゴルナイトフィーバー 「過去と対決！就活の質問に今なら答えられる」,頭が真っ白に,2022-07-16 00:00:01,https://omocoro.heteml.net/radio/mongol/118/20220716.mp3,https://omocoro.jp/radio/353018/
3536971,MNF,【119】ラジオ・モンゴルナイトフィーバー 「立体駐車場へこいよ キレちまったよ ひさしぶりに（ゲスト：かんち）」,コストコの駐車場には特級呪霊出るだろ！,2022-07-23 00:00:01,https://omocoro.heteml.net/radio/mongol/119/20220723.mp3,https://omocoro.jp/radio/353697/
3547071,MNF,【120】ラジオ・モンゴルナイトフィーバー 「ヤスミノさんの素敵なところ言いたい♪」,月末はお便りの気配,2022-07-30 00:00:01,https://omocoro.heteml.net/radio/mongol/120/20220730.mp3,https://omocoro.jp/radio/354707/
3553251,MNF,【121】ラジオ・モンゴルナイトフィーバー 「ほじらずの誓い継続中！」,子供の頃の自分に耳掃除してないことを伝えたらどうなる？,2022-08-06 00:00:01,https://omocoro.heteml.net/radio/mongol/121/20220806.mp3,https://omocoro.jp/radio/355325/
3563761,MNF,【122】ラジオ・モンゴルナイトフィーバー 「流星群の夜 親知らずを語る」,流星群をラジオ中に見るな！,2022-08-13 00:00:01,https://omocoro.heteml.net/radio/mongol/122/20220813.mp3,https://omocoro.jp/radio/356376/
3570551,MNF,【123】ラジオ・モンゴルナイトフィーバー 「ウクレレ琵琶法師やってくしか」,ま〜な〜び〜,2022-08-20 00:00:01,https://omocoro.heteml.net/radio/mongol/123/20220820.mp3,https://omocoro.jp/radio/357055/
3578251,MNF,【124】ラジオ・モンゴルナイトフィーバー 「古民家ドクターヤスミノ」,白蛇内視鏡とは？？？？？？,2022-08-27 00:00:01,https://omocoro.heteml.net/radio/mongol/124/20220827.mp3,https://omocoro.jp/radio/357825/
3595841,MNF,【125】ラジオ・モンゴルナイトフィーバー 「うんちの守護月天」,今年の健康報告会場はこちらです,2022-09-03 00:00:01,https://omocoro.heteml.net/radio/mongol/125/20220903.mp3,https://omocoro.jp/radio/359584/
3620451,MNF,【126】ラジオ・モンゴルナイトフィーバー 「280人のヤスミノvs280人のモンゴルナイフ」,ヤスミノさんが280人集まったら,2022-09-10 00:00:01,https://omocoro.heteml.net/radio/mongol/126/20220910.mp3,https://omocoro.jp/radio/362045/
3626511,MNF,【127】ラジオ・モンゴルナイトフィーバー 「フジロック以外の季節全部苗場行く」,秋に夏フェスの話しちゃったね,2022-09-17 00:00:01,https://omocoro.heteml.net/radio/mongol/127/20220917.mp3,https://omocoro.jp/radio/362651/
3631971,MNF,【128】ラジオ・モンゴルナイトフィーバー 「示唆的な夢を見たので聞いてくれ」,ソーセージを作ろう♪,2022-09-24 00:00:01,https://omocoro.heteml.net/radio/mongol/128/20220924.mp3,https://omocoro.jp/radio/363197/
3644311,MNF,【129】ラジオ・モンゴルナイトフィーバー 「教えて！関西のおっちゃんのコーナー始まる」,ソーセージを作ろう♪,2022-10-01 00:00:01,https://omocoro.heteml.net/radio/mongol/129/20221001.mp3,https://omocoro.jp/radio/364431/
3659011,MNF,【130】ラジオ・モンゴルナイトフィーバー 「絶対音源をカットしたいとき人はこうなる」,大人になってから夢を持ったっていいじゃない,2022-10-08 00:00:01,https://omocoro.heteml.net/radio/mongol/130/20221008.mp3,https://omocoro.jp/radio/365901/
3669161,MNF,【131】ラジオ・モンゴルナイトフィーバー 「これって私だけ？委員会」,ゲストに電気バチさんがやってきた！,2022-10-15 00:00:01,https://omocoro.heteml.net/radio/mongol/131/20221015.mp3,https://omocoro.jp/radio/366916/
3680831,MNF,【132】ラジオ・モンゴルナイトフィーバー 「教えて！関西のおっちゃん『5つのApple Watchカバー』」,朝の収録はふわふわだ,2022-10-22 00:00:01,https://omocoro.heteml.net/radio/mongol/132/20221022.mp3,https://omocoro.jp/radio/368083/
3689351,MNF,【133】ラジオ・モンゴルナイトフィーバー 「美味しいチャーハンの味を思い出せるか」,膝がわろてるわ,2022-10-29 00:00:01,https://omocoro.heteml.net/radio/mongol/133/20221029.mp3,https://omocoro.jp/radio/368935/
3694121,MNF,【134】ラジオ・モンゴルナイトフィーバー 「耳に異変起きる」,新宿は広大だわ,2022-11-05 00:00:01,https://omocoro.heteml.net/radio/mongol/134/20221105.mp3,https://omocoro.jp/radio/369412/
3696931,MNF,【135】ラジオ・モンゴルナイトフィーバー 「コーナー開始までの長い道のり」,しゃばしゃば系とは,2022-11-12 00:00:01,https://omocoro.heteml.net/radio/mongol/135/20221112.mp3,https://omocoro.jp/radio/369693/
3707971,MNF,【136】ラジオ・モンゴルナイトフィーバー 「いいニュースと超いいニュース」,会社にいた先輩が急遽来てくれた！！！！！,2022-11-19 00:00:01,https://omocoro.heteml.net/radio/mongol/136/136.mp3,https://omocoro.jp/radio/370797/
3719121,MNF,【137】ラジオ・モンゴルナイトフィーバー 「これはヤスミノの物語や」,カーズがすごすぎる,2022-11-26 00:00:01,https://omocoro.heteml.net/radio/mongol/137/20221126.mp3,https://omocoro.jp/radio/371912/
3731601,MNF,【138】ラジオ・モンゴルナイトフィーバー 「妖怪人間に会った？」,地デジカはどこへ行ったのか,2022-12-03 00:00:01,https://omocoro.heteml.net/radio/mongol/138/20221203.mp3,https://omocoro.jp/radio/373160/
3744841,MNF,【139】ラジオ・モンゴルナイトフィーバー 「ついに藤子・F・不二雄ミュージアムへ」,錆びついたマシンガンで,2022-12-10 00:00:01,https://omocoro.heteml.net/radio/mongol/139/20221210.mp3,https://omocoro.jp/radio/374484/
3759501,MNF,【140】ラジオ・モンゴルナイトフィーバー 「山口車輪転がしまくり」,走行距離1000キロを超える,2022-12-17 00:00:01,https://omocoro.heteml.net/radio/mongol/140/20221217.mp3,https://omocoro.jp/radio/375950/
3770161,MNF,【141】ラジオ・モンゴルナイトフィーバー 「一生懸命に生きる6時間」,山口のジングル・オール・ザ・ウェイ,2022-12-24 00:00:01,https://omocoro.heteml.net/radio/mongol/141/20221224.mp3,https://omocoro.jp/radio/377016/
3779631,MNF,【142】ラジオ・モンゴルナイトフィーバー 「来年もお便所で会おう！」,私って事件を引き寄せちゃうのかなあ,2022-12-31 00:00:01,https://omocoro.heteml.net/radio/mongol/142/kotoshi_20221231.mp3,https://omocoro.jp/radio/377963/
3783571,MNF,【143】ラジオ・モンゴルナイトフィーバー 「あけましておめにぇちょ」,摩訶不思議かぼちゃコロッケ,2023-01-07 00:00:01,https://omocoro.heteml.net/radio/mongol/143/20230107.mp3,https://omocoro.jp/radio/378357/
3790851,MNF,【144】ラジオ・モンゴルナイトフィーバー 「うるさい空間なら屁をするのかい」,子丑虎兎Touch me!,2023-01-14 00:00:01,https://omocoro.heteml.net/radio/mongol/144/20230114.mp3,https://omocoro.jp/radio/379085/
3798391,MNF,【145】ラジオ・モンゴルナイトフィーバー 「エビ磨きの謎に迫る」【迫らない】,そうなったらもう泣くしかない,2023-01-21 00:00:01,https://omocoro.heteml.net/radio/mongol/145/20230121.mp3,https://omocoro.jp/radio/379839/
3811501,MNF,【146】ラジオ・モンゴルナイトフィーバー 「茶ぬられた人生を歩く」,気になる言葉だ〜〜〜〜〜〜〜〜！,2023-01-28 00:00:01,https://omocoro.heteml.net/radio/mongol/146/20230128.mp3,https://omocoro.jp/radio/381150/
3826731,MNF,【147】ラジオ・モンゴルナイトフィーバー 「赤いバラのような雲現れる」,そよそよそよ〜,2023-02-04 00:00:01,https://omocoro.heteml.net/radio/mongol/147/20230204.mp3,https://omocoro.jp/radio/382673/
3841081,MNF,【148】ラジオ・モンゴルナイトフィーバー 「今日は寒いからマターリしようや」,記憶のドライカレー,2023-02-11 00:00:01,https://omocoro.heteml.net/radio/mongol/148/20230211.mp3,https://omocoro.jp/radio/384108/
3851171,MNF,【149】ラジオ・モンゴルナイトフィーバー 「ヤスミノの優しい歌声」,湯船の水の色どんな色？,2023-02-18 00:00:01,https://omocoro.heteml.net/radio/mongol/149/20230218.mp3,https://omocoro.jp/radio/385117/
3861341,MNF,【150】ラジオ・モンゴルナイトフィーバー 「お待たせ！耳通信ついに完全完結」,耳から出ていけーーーーー！！！！！！,2023-02-25 00:00:01,https://omocoro.heteml.net/radio/mongol/150/20230225.mp3,https://omocoro.jp/radio/386134/
3870911,MNF,【151】ラジオ・モンゴルナイトフィーバー 「ラテアートが見せた幻」,刃が外へ！,2023-03-04 00:00:01,https://omocoro.heteml.net/radio/mongol/151/20230304.mp3,https://omocoro.jp/radio/387091/
3878991,MNF,【152】ラジオ・モンゴルナイトフィーバー 「花粉などが四方八方に舞う春（舞うな！）」,夢はでっかく！,2023-03-11 00:00:01,https://omocoro.heteml.net/radio/mongol/152/20230311.mp3,https://omocoro.jp/radio/387899/
3892711,MNF,【153】ラジオ・モンゴルナイトフィーバー 「架空の友達は卵から生まれてくる」,音声が流れます！,2023-03-18 00:00:01,https://omocoro.heteml.net/radio/mongol/153/20230318.mp3,https://omocoro.jp/radio/389271/
3903701,MNF,【154】ラジオ・モンゴルナイトフィーバー 「NONONO出社！宣言」,また〜り,2023-03-25 00:00:01,https://omocoro.heteml.net/radio/mongol/154/20230325.mp3,https://omocoro.jp/radio/390370/
3909541,MNF,【155】ラジオ・モンゴルナイトフィーバー 「ラジオを7回録り直し、そして鳥が鳴く」,何回録っても何回録ってもラジオが始まらない,2023-04-01 00:00:01,https://omocoro.heteml.net/radio/mongol/155/20230401_2.mp3,https://omocoro.jp/radio/390954/
3914561,MNF,【156】ラジオ・モンゴルナイトフィーバー 「春のWi-Fiながしの風」,思い出の居酒屋には枝豆があった,2023-04-08 00:00:01,https://omocoro.heteml.net/radio/mongol/156/20230408.mp3,https://omocoro.jp/radio/391456/
3927991,MNF,【157】ラジオ・モンゴルナイトフィーバー 「本当のエレベーターに連れてってやるよ！」,「「新幹線のチケットを〜？」」,2023-04-15 00:00:01,https://omocoro.heteml.net/radio/mongol/157/20230415_02.mp3,https://omocoro.jp/radio/392799/
3940771,MNF,【158】ラジオ・モンゴルナイトフィーバー 「力を合わせて毛刈りをした」,静かな作業音が続きます,2023-04-22 00:00:01,https://omocoro.heteml.net/radio/mongol/158/20230422.mp3,https://omocoro.jp/radio/394077/
3948441,MNF,【159】ラジオ・モンゴルナイトフィーバー 「サムギョプサルとんぷくやりたいね」,慮人（おもんぱかんちゅ）やね,2023-04-29 00:00:01,https://omocoro.heteml.net/radio/mongol/159/20230429.mp3,https://omocoro.jp/radio/394844/
3954391,MNF,【160】ラジオ・モンゴルナイトフィーバー 「心の真ん中で輝く石」,温泉に行きたい〜〜,2023-05-06 00:00:01,https://omocoro.heteml.net/radio/mongol/160/20230506.mp3,https://omocoro.jp/radio/395439/
3964851,MNF,【161】ラジオ・モンゴルナイトフィーバー 「日本全部に道あるのやばない？」,道はAIよりやばくない？,2023-05-13 00:00:01,https://omocoro.heteml.net/radio/mongol/161/20230513.mp3,https://omocoro.jp/radio/396485/
3973541,MNF,【162】ラジオ・モンゴルナイトフィーバー 「腰を突き抜けた風は」,ラクーンシティ可哀想だろ！！！！！,2023-05-20 00:00:01,https://omocoro.heteml.net/radio/mongol/162/20230520.mp3,https://omocoro.jp/radio/397354/
3985951,MNF,【163】ラジオ・モンゴルナイトフィーバー 「好きだから……」,カミナリが落ちまくる！,2023-05-27 00:00:01,https://omocoro.heteml.net/radio/mongol/163/20230527.mp3,https://omocoro.jp/radio/398595/
4000861,MNF,【164】ラジオ・モンゴルナイトフィーバー 「iPhoneの頭はどっち？」,宇宙のことで頭がいっぱい,2023-06-03 00:00:01,https://omocoro.heteml.net/radio/mongol/164/20230603.mp3,https://omocoro.jp/radio/400086/
4016131,MNF,【165】ラジオ・モンゴルナイトフィーバー 「私はなっちゃんではございません」,最近のドラゴンボールおもしろそすぎ,2023-06-10 00:00:01,https://omocoro.heteml.net/radio/mongol/165/20230610.mp3,https://omocoro.jp/radio/401613/
4022751,MNF,【166】ラジオ・モンゴルナイトフィーバー 「まちで１番新鮮なレイバンください！」,ソロで天竺に行くっていうのも通だよねえ,2023-06-17 00:00:01,https://omocoro.heteml.net/radio/mongol/166/20230617.mp3,https://omocoro.jp/radio/402275/
4033741,MNF,【167】ラジオ・モンゴルナイトフィーバー 「山口復活のフォトショップ」,全部山口さんの顔ってみんな気づいているかい,2023-06-24 00:00:01,https://omocoro.heteml.net/radio/mongol/167/20230624.mp3,https://omocoro.jp/radio/403374/
4044751,MNF,【168】ラジオ・モンゴルナイトフィーバー 「ティシュ〜からはじめよ」,イメージキャラクターを考えよう！,2023-07-01 00:00:01,https://omocoro.heteml.net/radio/mongol/168/20230701.mp3,https://omocoro.jp/radio/404475/
4050721,MNF,【169】ラジオ・モンゴルナイトフィーバー 「親愛なる隣人モンゴルナイフ」,あの時代の雰囲気を感じられていいじゃんね,2023-07-08 00:00:01,https://omocoro.heteml.net/radio/mongol/169/20230708.mp3,https://omocoro.jp/radio/405072/
4059881,MNF,【170】ラジオ・モンゴルナイトフィーバー 「靴より長生きのツルッツルの靴下」,古着屋さん行きたいね！,2023-07-15 00:00:01,https://omocoro.heteml.net/radio/mongol/170/20230715.mp3,https://omocoro.jp/radio/405988/
4070331,MNF,【171】ラジオ・モンゴルナイトフィーバー 「うちらの心は1つだと信じて」,こんなことしていいのか,2023-07-22 00:00:01,https://omocoro.heteml.net/radio/mongol/171/20230722.mp3,https://omocoro.jp/radio/407033/
4079551,MNF,【172】ラジオ・モンゴルナイトフィーバー 「ニュース山口のお時間です」,夏がどんどん好きになるだと……？,2023-07-29 00:00:01,https://omocoro.heteml.net/radio/mongol/172/20230729.mp3,https://omocoro.jp/radio/407955/
4098251,MNF,【173】ラジオ・モンゴルナイトフィーバー 「今、少年たちの夏をやっている」,野球のルールをよく知らないまま観てる,2023-08-05 00:00:01,https://omocoro.heteml.net/radio/mongol/173/20230805.mp3,https://omocoro.jp/radio/409825/
4113771,MNF,【174】ラジオ・モンゴルナイトフィーバー 「しょっぺぇしょっぺぇオロナミンC」,バスケットボールを持っていたと仮定したら,2023-08-12 00:00:01,https://omocoro.heteml.net/radio/mongol/174/20230812.mp3,https://omocoro.jp/radio/411377/
4120471,MNF,【175】ラジオ・モンゴルナイトフィーバー 「緊急！世界を震わす商品開発プレゼン」,真剣にマッサージ器具の話をしています,2023-08-19 00:00:01,https://omocoro.heteml.net/radio/mongol/175/20230819.mp3,https://omocoro.jp/radio/412047/
4132141,MNF,【176】ラジオ・モンゴルナイトフィーバー 「これって私だけ！？マ行って後ろすぎる」,骨盤の蝶がヒラヒラ,2023-08-26 00:00:01,https://omocoro.heteml.net/radio/mongol/176/20230826.mp3,https://omocoro.jp/radio/413214/
4139381,MNF,【177】ラジオ・モンゴルナイトフィーバー 「いつになったら祭りはできるんだって！」,なんで酸素って見えないの？？,2023-09-02 00:00:01,https://omocoro.heteml.net/radio/mongol/177/20230902.mp3,https://omocoro.jp/radio/413938/
4148631,MNF,【178】ラジオ・モンゴルナイトフィーバー 「モンフィー3DAYSフェス開催中！」,お待たせしました！今夜からお祭り始まります！,2023-09-09 00:00:01,https://omocoro.heteml.net/radio/mongol/178/20230909.mp3,https://omocoro.jp/radio/414863/
4148632,MNF,【178】ラジオ・モンゴルナイトフィーバー 「モンフィー3DAYSフェス開催中！」,お待たせしました！今夜からお祭り始まります！,2023-09-09 00:00:02,https://omocoro.heteml.net/radio/mongol/179/20230910_seiki_fes02.mp3,https://omocoro.jp/radio/414863/
4148633,MNF,【178】ラジオ・モンゴルナイトフィーバー 「モンフィー3DAYSフェス開催中！」,お待たせしました！今夜からお祭り始まります！,2023-09-09 00:00:03,https://omocoro.heteml.net/radio/mongol/180/20230911_fes03_okashi.mp3,https://omocoro.jp/radio/414863/
4158801,MNF,【181】ラジオ・モンゴルナイトフィーバー 「クレイジーオットセイに会いたい」,USJの駐車場はすごく広いらしい,2023-09-16 00:00:01,https://omocoro.heteml.net/radio/mongol/181/20230916.mp3,https://omocoro.jp/radio/415880/
4171221,MNF,【182】ラジオ・モンゴルナイトフィーバー 「みんなと同じ気持ちで笑いたい」,カイジおもしろすぎる,2023-09-23 00:00:01,https://omocoro.heteml.net/radio/mongol/182/20230923.mp3,https://omocoro.jp/radio/417122/
4179411,MNF,【183】ラジオ・モンゴルナイトフィーバー 「疲労1000%の時どうしたらいいの？」,バブを握って真顔で入浴,2023-09-30 00:00:01,https://omocoro.heteml.net/radio/mongol/183/20230930.mp3,https://omocoro.jp/radio/417941/
4188291,MNF,【184】ラジオ・モンゴルナイトフィーバー 「知らない言葉放出中☆☆☆」,モダンよりモダンっぽい言葉ってないのかな？,2023-10-07 00:00:01,https://omocoro.heteml.net/radio/mongol/184/20231007.mp3,https://omocoro.jp/radio/418829/
4198901,MNF,【185】ラジオ・モンゴルナイトフィーバー 「無言のムーー！」,危惧アンド危惧,2023-10-14 00:00:01,https://omocoro.heteml.net/radio/mongol/185/20231014.mp3,https://omocoro.jp/radio/419890/
4206491,MNF,【186】ラジオ・モンゴルナイトフィーバー 「この世には、おもろいものが多すぎるから」,怠惰だから自然にアクセスしにくい,2023-10-21 00:00:01,https://omocoro.heteml.net/radio/mongol/186/20231021.mp3,https://omocoro.jp/radio/420649/
4216711,MNF,【187】ラジオ・モンゴルナイトフィーバー 「ヤスミノ人の心を知る」,一人でこんなに笑ったの初めて,2023-10-28 00:00:01,https://omocoro.heteml.net/radio/mongol/187/20231028.mp3,https://omocoro.jp/radio/421671/
4232671,MNF,【188】ラジオ・モンゴルナイトフィーバー 「今日のラジオありえないんですけど？→これが人生よな」,閉鎖された空間で集まりたかっただけなのよ,2023-11-04 00:00:01,https://omocoro.heteml.net/radio/mongol/188/20231104.mp3,https://omocoro.jp/radio/423267/
